Recency,Monetary,Frequency
325,77183.6,1
39,4310.0,7
75,1797.24,4
18,1757.55,1
310,334.4,1
72,2506.04,8
204,89.0,1
232,1079.4,1
95,459.4,1
22,2811.43,3
181,6207.67,1
2,1168.06,2
8,6372.58,4
52,2662.06,3
287,189.9,1
29,5226.23,10
35,552.0,2
40,1313.1,4
291,641.38,2
211,168.9,1
51,3545.69,4
29,1887.96,2
34,1298.04,3
341,364.6,1
25,742.9300000000001,1
10,457.5,2
315,1628.12,2
304,4008.62,1
81,852.24,2
21,2724.81,4
-1,1845.31,5
8,1850.56,5
28,585.27,2
191,401.9,2
15,2780.66,6
79,549.84,1
21,460.89,1
38,1582.6000000000001,4
152,1272.48,2
4,3018.63,12
135,2409.9,2
45,1635.6599999999999,1
1,1108.65,4
98,84.3,1
323,225.6,1
49,427.7,1
148,1710.39,1
22,3415.3,2
49,1708.1200000000001,5
151,2888.55,5
64,11072.67,3
251,693.3299999999999,2
74,1226.88,3
191,758.1,3
187,562.41,3
24,124914.53,21
39,3649.1,9
112,668.58,1
152,600.39,1
15,807.04,4
168,803.5600000000001,3
88,1859.31,8
162,1760.96,2
78,777.2,1
194,582.73,1
21,825.8,3
25,7956.46,9
9,3750.4,4
43,256.4,1
1,6487.45,15
42,5059.32,5
9,13375.87,7
84,806.14,2
79,7829.89,2
334,509.01,1
8,4951.41,18
14,2906.85,2
484,173.55,1
180,172.06,1
-1,5005.46,5
22,133.4,1
57,1002.3100000000001,1
66,476.49,1
44,449.45,1
22,4067.29,4
173,197.88,2
10,9035.52,5
16,430.57,2
134,707.09,1
56,3528.34,1
73,2466.86,6
44,3181.04,3
81,2363.23,7
71,947.4,2
124,826.88,2
18,1189.59,2
5,1344.78,4
10,1212.05,8
17,742.1899999999999,2
217,729.5400000000001,2
10,19824.05,30
51,6572.11,7
53,3938.5499999999997,5
2,7375.79,18
53,723.38,1
15,6816.42,11
22,13219.74,6
180,680.99,1
11,527.2,1
28,3281.63,4
22,5596.32,10
17,2484.98,8
100,4541.72,6
9,1298.66,3
161,334.93,1
17,5417.93,10
332,460.40000000000003,1
105,263.21000000000004,2
165,433.74,2
15,1246.1000000000001,7
81,1043.1,1
21,403.70000000000005,3
23,4257.82,11
161,2169.39,1
187,3723.87,5
18,482.04999999999995,2
232,73.5,1
134,1304.81,3
26,398.27,2
284,176.5,1
142,982.5699999999999,2
243,138.03,2
112,612.29,1
267,1017.68,1
353,383.7,1
3,1312.06,2
28,2502.84,5
-1,2056.89,5
152,340.84,1
36,2634.26,5
142,599.68,1
39,192.72,2
8,1789.77,11
9,4485.72,8
53,1316.66,3
81,348.71000000000004,3
9,1933.48,6
29,1662.28,4
14,125.22,1
89,349.83000000000004,1
335,1089.18,1
91,716.35,2
29,12601.830000000002,3
59,363.95,1
22,5568.35,4
19,13400.24,17
59,981.18,3
273,372.7,1
75,1000.39,2
46,1161.5,2
197,207.79999999999998,2
166,95.19999999999999,1
79,964.83,1
357,168.0,1
39,437.82,2
-1,3692.28,10
32,603.71,2
16,11990.960000000001,5
300,269.96,1
310,561.71,2
112,2134.01,3
68,238.85,1
22,3781.7400000000002,7
261,456.9,1
288,145.92,1
86,351.65,1
22,9401.28,10
-1,4124.69,32
39,519.61,2
51,1020.42,2
227,160.54000000000002,1
315,218.45,1
129,1315.83,5
242,657.8,3
21,2794.51,2
78,440.42,1
158,415.7,1
39,197.71,1
238,511.36,2
-1,7281.38,15
17,2338.15,9
234,2040.1,2
17,196.94000000000003,1
300,144.0,1
39,214.89999999999998,1
28,646.68,2
4,9864.26,2
317,452.84999999999997,1
65,437.6,2
108,418.09999999999997,3
46,3338.2200000000003,10
35,618.27,2
19,3811.22,4
9,3023.08,8
32,1032.58,7
28,2599.04,10
38,577.0600000000001,5
-1,153.12,1
21,739.1999999999999,1
79,254.18,2
60,1579.51,1
78,1126.85,3
22,2099.54,5
52,1193.32,1
74,704.0400000000001,1
57,3344.38,5
159,315.6,1
71,2291.19,4
214,713.3,2
59,355.53,1
21,177.31,1
16,3641.24,9
14,1339.41,3
4,13689.67,20
232,180.1,1
128,305.1,1
106,641.13,2
4,2683.82,2
23,6620.48,9
10,4478.53,7
181,786.46,3
9,1270.88,2
57,640.5,1
-1,2163.98,4
30,1689.18,2
91,6021.9,8
181,671.69,1
238,486.1,1
23,1174.58,3
115,185.9,1
25,1013.26,3
38,3344.64,6
304,477.91,1
109,1775.18,4
49,1346.97,2
22,3722.82,12
124,318.05,1
34,623.51,3
180,314.44,1
99,114.0,1
8,919.98,1
148,2209.85,2
10,601.98,5
17,4051.17,5
11,1643.18,4
18,686.05,1
59,91.68,1
11,245.1,1
23,3849.78,11
-1,4881.88,9
324,63.0,1
-1,620.13,1
11,3807.15,4
2,2744.0299999999997,3
10,2996.05,5
329,225.89999999999998,1
241,610.52,2
91,1970.6,4
24,1331.39,6
42,17628.46,12
-1,1113.02,4
30,862.81,4
14,13787.54,22
1,12288.22,31
4,8476.57,15
24,2283.63,7
28,2863.08,6
637,89.14,1
113,4873.8099999999995,1
25,1247.61,2
205,389.01,1
-1,1035.8,6
4,855.91,4
70,869.67,2
107,582.1,4
28,957.59,3
126,4939.99,4
35,797.71,2
19,219.0,1
71,283.55,1
22,2340.84,8
15,6868.29,9
291,603.42,1
59,2712.91,10
-1,9736.52,15
201,1149.02,3
8,4396.13,13
88,848.55,1
9,4708.86,5
106,353.86,1
133,1053.49,2
32,1030.98,2
71,238.25,1
213,644.95,2
2,5781.73,25
79,2656.13,6
2,997.63,4
16,725.07,5
38,1031.41,4
637,427.8,1
28,2609.1,7
10,3980.7,7
38,836.33,4
113,453.01,1
23,18895.91,12
179,236.26000000000002,1
234,383.95,1
352,110.39999999999999,1
191,779.5699999999999,2
38,234.0,1
665,155.35,1
78,1013.04,2
152,427.6,1
134,546.43,2
51,21279.29,7
22,4196.01,11
4,33719.73,209
22,4090.88,5
276,275.88,1
81,4366.78,1
22,21429.39,6
159,3010.74,3
250,3811.95,2
86,112.07999999999998,1
4,7857.1,13
116,2791.59,2
52,1531.44,3
25,1898.52,2
138,494.08,2
316,1693.88,1
57,6989.63,7
238,1143.6,1
210,1351.45,1
29,892.47,1
17,1386.04,5
19,822.23,6
198,3981.36,8
152,826.74,2
149,2330.92,5
53,2225.91,6
9,574.42,2
423,311.95,1
9,463.66,3
213,91.85,1
192,324.92,1
696,192.60000000000002,1
256,400.53999999999996,1
99,545.48,2
53,860.41,2
18,430.48,1
453,254.03,1
10,6977.04,3
186,427.58,1
125,483.65000000000003,3
177,489.31,1
260,514.85,3
44,229.64000000000001,1
101,125.92,1
147,1063.46,2
176,572.2,2
281,166.04,1
261,1542.08,1
44,942.34,4
95,92.72,1
70,948.88,2
74,1759.5,5
29,397.12,1
59,1474.72,7
44,430.15000000000003,3
112,1018.71,6
161,293.0,2
91,6814.64,6
262,215.05,1
151,383.03,2
145,417.38,1
309,312.38,1
29,2612.86,4
173,134.1,1
181,683.13,2
11,5591.42,14
64,2726.77,4
3,4022.35,25
70,1118.99,2
65,1702.26,8
59,325.96000000000004,2
267,354.09,4
22,871.54,1
120,1050.8899999999999,2
244,135.18,1
294,311.55,1
134,1957.1000000000001,6
5,1324.5,3
665,38.1,1
18,2179.93,6
68,1106.4,2
52,521.2,1
138,147.12,1
26,1568.23,2
340,559.12,1
26,4036.82,7
8,1607.0600000000002,6
84,380.64,2
326,599.97,2
309,374.0,1
143,343.2300000000001,2
57,2218.02,2
24,1535.77,12
236,854.99,2
44,573.22,3
97,298.0,1
9,1463.04,2
24,703.47,4
0,309.05,1
123,1175.22,3
248,1378.4,2
95,354.12,2
24,380.46999999999997,1
156,331.0,3
89,188.14,1
42,372.8,2
37,216.5,2
10,17654.54,28
264,138.68,1
18,509.58,2
11,2919.81,5
176,750.0,2
39,2178.67,5
5,3075.04,8
14,1662.3,5
15,2483.63,5
148,363.65,2
138,3006.15,4
276,594.0,1
2,1335.19,6
17,164.23,1
9,16587.09,37
336,405.38,1
182,176.97,1
0,933.7,4
74,694.05,2
5,2062.7000000000003,5
341,117.85,1
78,415.8,2
21,42055.96,15
24,607.53,3
26,2160.7,7
17,1063.9,4
15,1504.27,4
25,114.14,1
36,11581.8,8
54,913.54,2
131,683.9,3
242,604.51,2
288,462.95,1
64,1603.99,6
16,2064.95,7
89,4167.22,8
24,1843.0,3
173,1064.07,6
43,1387.79,4
9,329.85,1
16,4757.16,11
190,108.07,1
9,4017.54,8
113,266.39,2
10,1856.63,8
30,771.91,1
9,160.18,1
358,1660.9,2
112,135.95,1
300,452.24,4
8,11189.91,86
197,144.8,1
4,738.6,1
185,39.239999999999995,1
8,7374.900000000001,9
59,372.21999999999997,2
35,390.54,1
18,97.5,1
28,1239.38,2
73,558.7,2
292,535.32,1
0,6924.110000000001,15
120,409.5,3
23,503.76,2
23,414.76,4
31,974.4200000000001,3
85,211.32,1
0,1226.89,4
127,455.88,3
106,534.85,3
22,9818.82,13
318,120.94999999999999,1
32,149.05,3
11,5655.91,18
158,513.7,2
56,81.57,1
323,229.46999999999997,1
665,50.550000000000004,1
9,1661.8400000000001,8
21,4810.9400000000005,13
10,3466.2799999999997,10
53,3346.28,5
73,789.89,3
300,204.0,1
16,7277.7,28
25,2616.38,9
182,689.9,2
97,975.36,5
113,6912.0,6
22,661.3199999999999,2
89,1247.5,3
11,799.48,2
52,1010.18,2
357,190.55,1
54,642.77,2
73,921.88,2
138,881.07,3
80,908.46,3
181,676.99,2
36,516.42,1
291,560.47,1
334,305.28000000000003,1
89,629.31,2
56,3237.54,10
14,1835.91,4
182,656.6800000000001,2
14,5836.86,17
34,348.15000000000003,1
65,1214.41,3
-1,271.40000000000003,3
249,183.4,1
253,307.53,1
72,248.61,1
337,346.98,1
0,1119.49,4
696,205.86,1
24,470.8,2
82,115.46000000000001,1
10,344.0,2
1,4436.12,24
192,228.8,1
266,177.15,1
304,919.61,1
119,729.27,4
-1,12627.94,26
21,220.10000000000002,5
179,58.08,1
11,28337.38,11
176,3613.63,9
75,303.75,2
216,416.08000000000004,2
5,58825.83,97
19,8910.82,14
28,345.82,1
4,477.83,5
97,7832.47,8
21,1927.3200000000002,12
70,74.39999999999999,1
77,6010.42,10
9,28882.44,28
334,207.35999999999999,1
234,101.19,1
23,6424.09,24
39,243.94,1
46,1098.48,6
133,76.5,1
44,1531.6200000000001,4
665,350.06,1
29,786.54,2
53,1488.67,7
4,12245.960000000001,24
-1,2294.78,4
138,501.14,1
21,984.91,8
19,1197.81,5
238,30.599999999999998,1
269,283.73,1
183,922.39,2
30,3866.33,3
44,2099.64,8
77,259.17,1
183,64.0,1
23,1073.3,3
261,77.3,1
36,109.8,2
85,1793.58,4
196,3096.0,1
34,2607.61,5
10,3650.41,8
22,962.39,6
16,5064.94,7
108,423.72,3
84,2388.75,5
19,307.09,1
38,110.95,1
39,618.52,4
26,228.91,1
10,712.8000000000001,4
59,3707.12,12
14,1676.06,4
295,1257.8700000000001,1
241,486.22,1
79,971.76,4
5,1741.22,4
1,1201.06,4
50,1437.85,4
22,91.8,1
313,112.75,1
92,1688.29,4
46,1021.48,2
340,417.2,1
18,791.33,4
199,1319.19,4
152,712.88,2
26,116.00999999999999,1
21,468.41,3
211,353.65,2
16,2817.03,3
46,492.84,1
182,282.45,1
26,5725.47,11
45,121.18,1
86,3957.78,9
14,1701.29,10
267,71.4,1
39,1575.89,3
191,236.02,1
11,114.60000000000001,1
18,260.68,2
205,911.94,2
90,117.88,1
135,60.7,1
11,1797.78,4
10,3401.2400000000002,6
10,9817.12,38
19,870.09,4
9,869.46,4
2,250.26000000000002,2
-1,1223.9,6
89,5891.61,8
153,353.48,1
10,1197.42,3
19,788.08,3
56,1520.58,5
267,333.74,1
92,533.98,3
245,62.63999999999999,1
78,819.2900000000001,4
240,847.41,2
200,163.20000000000002,2
32,2155.95,2
60,6463.84,7
36,108.21000000000001,1
201,257.7,1
81,358.0,1
225,160.95,1
59,2806.97,14
3,1357.6,7
74,605.12,2
34,1031.07,1
24,744.85,2
17,700.73,4
261,329.56,1
173,663.65,4
65,270.40000000000003,3
203,600.07,1
122,121.74000000000001,1
50,430.5,1
18,1987.3,6
17,501.12,4
154,465.68,2
122,711.41,3
185,1030.4,2
9,399.51,2
11,698.58,3
90,292.32,1
90,557.62,1
268,944.1,2
263,200.29,1
4,7454.07,35
0,2107.66,5
11,3834.2599999999998,12
8,4521.49,19
5,3214.69,11
0,5346.2300000000005,15
484,590.0,1
301,217.38,1
30,276.56,2
113,138.98,1
152,590.9300000000001,2
15,258.4,4
40,542.73,1
78,137.75,1
92,814.86,3
18,1132.14,3
29,93.66,2
330,201.19,1
23,2709.12,4
155,361.11,1
284,578.9399999999999,2
249,873.74,2
359,201.20000000000002,1
137,87.4,1
23,2089.85,4
119,360.0,1
268,142.5,1
169,371.89,1
103,618.09,4
155,63.75,1
351,300.42,1
21,2000.86,10
31,15.0,1
22,1385.51,3
0,1456.79,5
28,1132.03,3
2,598.57,2
22,1555.32,5
73,775.94,3
79,5977.7300000000005,4
198,2273.68,6
119,640.76,3
17,10845.550000000001,26
65,1548.7,4
72,567.36,2
17,199.48000000000002,1
21,787.85,5
30,7121.95,10
81,675.3,1
112,3627.77,8
316,1308.48,1
120,789.0,2
122,1140.93,3
14,350.9,1
82,3536.82,3
77,795.12,1
216,487.02,1
200,860.12,1
45,10736.48,7
260,775.85,1
177,353.43,1
159,2543.72,3
287,389.5,1
70,341.36,1
182,233.76,1
10,247.32,1
16,979.12,2
243,373.94,1
60,397.97999999999996,1
71,743.53,1
92,674.7,1
80,768.24,1
257,609.95,1
268,439.03,1
152,439.56,1
9,3090.7400000000002,4
17,992.5,2
71,134.95999999999998,1
181,2225.37,2
50,56.160000000000004,1
191,623.4,2
453,308.28000000000003,1
637,754.87,1
30,378.64,1
60,3312.25,3
0,778.65,1
203,1019.76,3
26,572.56,3
30,3639.31,6
250,222.99,1
45,4151.93,7
329,534.57,1
131,677.1,2
11,797.96,3
74,544.08,1
203,59.8,1
32,2520.02,8
156,307.72,1
59,1360.99,2
72,1544.13,5
192,457.34,1
245,621.23,2
17,75.0,1
34,252.49,2
74,572.451,3
2,28117.04,62
24,1003.06,5
107,213.55,1
133,1390.5,3
43,712.5,2
205,640.83,2
11,6127.43,18
152,221.06,1
149,159.85,2
40,1851.08,2
182,2626.3,1
108,1624.21,3
10,3641.32,10
19,582.6,3
10,218.47,1
10,1006.8,4
18,679.45,2
0,1269.1,2
74,534.24,2
24,3809.8900000000003,7
119,196.89,1
14,3408.06,7
255,283.71,1
91,296.64,1
23,1129.14,3
16,3539.37,6
23,291.88,1
26,2043.7199999999998,6
4,2976.15,5
259,590.0,2
165,356.97999999999996,2
24,1058.34,2
17,1766.72,6
5,9646.57,14
49,183.44,2
138,1445.0,3
339,151.5,1
-1,674.68,1
125,307.9,1
10,1083.71,2
-1,5704.97,37
115,165.0,2
21,2531.58,4
38,422.64,2
236,229.59,1
187,1431.78,4
178,1238.47,2
4,1454.58,6
200,300.95,2
45,1804.56,5
232,184.64,1
213,140.34,1
5,313.8,1
233,454.24,1
78,1122.41,3
57,575.4,3
8,8968.31,13
105,449.52,4
38,1215.82,10
95,1269.84,3
97,618.63,2
341,316.26000000000005,1
232,2044.8700000000001,5
10,653.33,2
309,348.05,2
17,1159.11,5
23,1166.77,3
288,1340.32,1
16,292.0,3
71,216.85,1
182,295.93,1
72,4393.63,4
316,458.52,2
107,2479.16,4
66,110.97,1
36,979.72,7
45,1791.56,4
260,251.21,1
215,205.1,1
73,152.20000000000002,1
72,891.12,4
21,1389.41,3
29,2128.42,3
85,659.4399999999999,1
78,122.75,1
-1,3624.35,6
10,1093.65,3
89,125.80000000000001,1
46,3964.88,5
40,680.1800000000001,5
14,628.78,2
30,2287.51,7
78,307.76,2
205,483.8,2
181,210.31,1
64,270.79,3
53,5870.08,25
9,3448.29,7
31,1280.85,7
85,631.34,3
39,291.41,2
12,626.99,3
66,682.41,2
2,918.2,7
319,91.80000000000001,1
86,3740.07,12
73,4149.28,4
28,584.06,2
23,605.06,4
300,174.37,1
126,141.85999999999999,1
81,1799.33,3
84,777.53,2
144,1749.02,3
19,240.22,2
40,874.71,2
173,192.85,1
17,373.75,2
66,239.49,1
12,2092.32,12
205,1384.25,1
50,294.4,2
-1,732.0699999999999,5
10,6717.34,18
5,1687.6000000000001,4
14,467.04,2
282,118.0,1
155,781.03,1
190,142.4,1
152,712.4,1
15,2478.95,9
14,379.65,2
2,1981.92,6
182,1117.13,3
65,247.95999999999998,4
108,2037.0800000000002,5
52,396.97,1
12,697.04,2
47,180.17000000000002,1
5,5153.67,21
312,219.52,1
4,693.32,2
182,428.89,1
26,164.34,1
59,280.53999999999996,3
40,678.01,1
12,1131.88,7
30,1171.8,3
24,1610.46,4
318,417.69,1
3,544.18,3
173,177.34,1
116,213.85,1
89,747.78,5
339,257.23,1
29,1638.47,5
23,7792.36,11
75,2031.78,7
143,3070.42,11
24,2121.27,5
35,1575.16,5
274,1071.03,1
92,949.12,5
52,810.5,3
15,122.64,1
74,1033.34,1
126,354.8,1
120,519.44,3
16,2624.26,4
31,252.1,1
9,1678.1200000000001,4
256,346.6,2
0,1836.34,6
39,94.2,2
45,1095.08,3
35,2707.33,6
5,932.97,2
164,379.65,2
10,382.14,2
9,2639.17,5
205,1573.2,2
34,897.76,3
179,189.47,1
60,84.65,3
149,305.02,1
10,6363.59,21
50,218.55,2
75,349.7,1
37,186.39000000000001,2
18,396.92,2
32,486.82000000000005,2
32,232.6,1
39,3722.42,4
17,827.83,4
217,59.5,1
285,67.23,1
45,3119.44,7
64,72.0,1
152,910.0,1
29,172.25,1
24,1488.32,3
25,65039.62,50
1,2504.13,15
332,151.29999999999998,1
155,308.58000000000004,1
5,2265.12,10
318,99.5,1
-1,2308.06,9
144,711.86,3
68,330.79,1
267,806.41,2
271,296.88,1
49,6328.05,13
120,180.48,1
218,252.06,2
158,228.84,1
222,1079.34,5
269,138.28,1
56,1445.01,6
158,306.55,2
15,1041.68,5
116,799.9,4
273,524.14,1
131,2375.41,3
187,199.85000000000002,1
49,1980.56,8
100,1079.6599999999999,2
28,333.48,2
107,1016.14,6
135,752.6,2
158,610.59,2
28,491.86,1
24,2885.2400000000002,4
241,731.9,2
200,339.59999999999997,1
18,216.9,1
240,350.75,1
71,668.4300000000001,3
16,3131.02,12
0,1341.6,7
214,1156.36,2
162,300.04,1
696,79.6,1
158,948.25,5
53,1647.26,5
288,296.25,1
95,1186.28,6
287,741.26,1
32,282.59999999999997,2
9,2161.35,9
22,5189.52,14
11,3190.55,7
71,659.4100000000001,2
54,286.79,2
50,1070.65,2
218,306.72,1
152,1714.96,1
70,1521.76,3
25,17220.36,37
92,2796.51,10
182,2634.45,4
181,1132.13,3
81,345.0,1
24,25977.16,33
103,178.7,1
170,360.01,2
280,127.84,1
12,912.0,6
9,2462.79,11
515,230.39999999999998,1
75,309.04,2
211,348.8,1
168,1516.0,2
243,195.55,2
0,37153.85,57
116,688.86,2
282,558.32,1
243,324.8,1
138,4599.42,3
255,277.07,1
78,2635.79,7
52,924.6,2
152,256.38,1
515,112.6,1
46,1747.66,5
160,155.05,1
28,1499.01,3
94,814.5,3
42,539.0,3
30,1366.8600000000001,4
122,1579.12,2
22,4027.36,4
23,571.6700000000001,2
59,382.98,2
37,1140.35,3
144,385.64,2
40,632.0,2
18,957.66,2
5,1698.94,5
176,189.5,1
57,412.05,3
22,209.49,1
16,2202.99,6
19,52.199999999999996,1
277,384.8,1
25,834.57,4
4,271.24,2
117,691.73,4
339,85.0,1
-1,3385.62,9
11,361.62,1
182,312.98,1
24,865.0600000000001,3
122,1255.0,3
51,1537.95,2
304,1595.48,1
214,2651.46,3
57,1090.14,1
0,8109.5199999999995,25
94,388.5,3
57,216.17,1
326,201.16,1
14,1245.9,5
18,2209.36,8
188,305.78,1
-1,501.56,4
74,145.67000000000002,1
74,1015.29,3
300,3192.54,2
123,3104.95,4
40,2770.94,8
22,6403.25,13
1,389.6,3
358,540.45,1
37,1786.79,5
152,122.7,1
86,117.24,1
54,1281.53,1
21,3219.77,13
11,17159.52,20
11,1191.13,5
10,2674.48,5
30,787.6,5
200,506.8,2
71,243.56,1
204,349.55,1
1,605.63,2
122,416.90000000000003,1
22,1883.8100000000002,10
26,632.97,4
297,821.1,1
23,564.62,3
28,2593.07,4
50,311.16,1
325,155.93,1
16,388.52,2
94,740.95,3
72,2867.2,5
294,332.64,2
79,2369.55,4
57,2580.91,9
11,626.45,2
49,272.04,2
49,1212.8400000000001,2
29,384.81,2
351,172.25,1
53,351.13,1
17,1838.8500000000001,6
62,678.25,4
23,223.85000000000002,1
74,348.99,1
10,464.57,4
169,842.65,2
57,337.34,2
214,1237.53,2
294,307.4,1
109,608.7900000000001,2
263,922.1,1
179,376.58,1
169,158.85,1
242,71.66,1
23,568.55,3
17,839.14,4
21,5112.96,5
79,561.5699999999999,3
213,90.6,1
360,102.0,1
24,2427.32,6
11,745.06,4
176,674.45,3
187,3251.071,2
52,3515.68,7
70,439.92,2
124,322.96,2
54,1026.42,5
79,598.2,3
21,230.22,2
21,169.55,2
251,664.54,4
145,80.7,1
16,9053.94,18
18,2758.26,8
70,190.25,2
287,264.7,1
49,413.59000000000003,1
120,2526.28,6
206,357.98,1
14,196.79000000000002,2
73,869.87,1
60,200.14,1
39,1871.81,4
-1,2603.43,12
26,920.51,5
-1,7060.13,15
17,320.46,1
19,4147.96,6
213,1266.08,2
65,311.3,1
12,855.97,6
89,76.8,1
30,3466.36,9
39,2313.14,6
15,1393.69,5
10,3901.81,12
4,635.66,1
45,2043.0800000000002,3
134,529.73,2
43,4582.64,7
9,2874.72,5
5,962.19,3
198,695.61,2
159,328.8,1
97,473.02,3
77,505.18,1
52,917.34,1
207,4341.21,4
46,1421.61,3
0,642.8,2
4,631.9,3
225,440.0,1
280,584.07,2
62,327.7,2
60,104.82,1
144,467.66,2
18,2360.09,8
21,17286.86,19
5,2975.59,11
22,651.8199999999999,3
28,1428.02,5
284,626.65,1
176,147.20000000000002,2
78,1560.38,3
181,152.2,1
8,3614.92,12
266,141.41,1
26,652.82,4
109,1659.75,4
284,154.99,1
73,1308.6100000000001,5
160,409.93,1
16,5681.72,4
106,746.36,2
17,15610.390000000001,23
19,225.36,1
154,260.25,2
213,92.46,1
106,725.6400000000001,1
15,8214.65,23
23,6217.96,17
266,183.6,1
22,6140.42,19
9,10464.85,12
4,1353.74,5
266,152.55,1
152,374.7,2
320,265.85,1
19,1438.82,8
151,151.04,1
19,942.26,3
304,122.47,1
40,499.41999999999996,5
65,1049.37,6
154,375.1,1
151,45.599999999999994,1
68,934.52,2
423,182.25,1
36,1018.43,9
9,4448.54,18
150,194.42,1
10,50491.81,13
56,161.0,1
324,76.32000000000001,1
23,4076.91,14
12,442.85,1
11,65164.79,17
273,147.35,1
16,3104.17,11
137,194.9,1
73,5976.79,6
11,1360.28,5
124,216.20999999999998,2
239,1266.23,1
51,2703.23,7
89,597.91,2
72,144.2,1
0,5683.15,12
5,692.85,4
22,2915.15,7
22,1840.42,4
36,386.53,2
19,1382.74,5
143,90.0,1
10,2780.15,4
84,419.58000000000004,1
10,2740.43,3
10,706.1300000000001,3
92,709.71,3
60,637.5,2
17,1123.8600000000001,5
319,483.86,1
2,3586.0299999999997,11
304,605.64,3
38,4690.31,15
119,982.3800000000001,2
46,415.82,1
120,935.05,2
29,915.13,4
696,311.81,1
133,115.8,1
46,3742.2,4
81,4191.0,5
78,483.4,2
233,157.2,1
279,446.62,1
242,658.64,2
75,621.29,2
239,1345.62,2
266,118.75,1
-1,117379.63,55
19,432.88,2
40,507.66,1
19,4693.01,11
126,1110.52,3
173,289.36,2
63,2445.91,4
70,1631.77,2
97,122.53999999999999,1
8,574.84,4
303,363.79,1
10,450.84,4
181,134.46,1
29,3222.3,3
297,576.9000000000001,4
86,559.41,4
28,1620.93,7
40,719.78,2
10,4748.52,25
243,452.89,1
8,197.65,1
71,2054.36,6
16,4654.08,15
10,4684.76,13
269,853.39,2
18,11349.52,21
201,1012.0,2
106,335.52,1
18,701.4,4
218,185.39999999999998,1
60,747.44,7
150,161.03,1
16,466.7,2
239,328.15999999999997,1
183,151.74,1
10,2073.43,6
105,1905.8400000000001,6
53,2241.1,9
30,1070.48,1
50,1004.38,5
11,1789.72,6
16,1839.3,4
11,2004.98,17
42,169.48000000000002,1
211,89.94,1
188,632.4,2
42,3432.8,9
177,683.17,1
122,991.13,3
110,1050.12,4
28,2232.19,5
26,3350.96,10
51,1547.2,3
94,925.71,3
42,2048.07,5
4,1462.72,4
22,775.46,4
75,3144.86,5
80,490.86,2
696,161.0,1
326,146.85,1
43,2380.85,11
89,890.34,2
94,213.70000000000002,1
234,280.55,2
127,2588.77,10
248,1693.45,2
110,1474.06,3
189,136.76999999999998,1
318,302.58,1
30,1904.05,3
10,2879.7000000000003,5
260,969.0600000000001,2
123,3099.7200000000003,5
9,12669.98,9
141,120.0,1
50,1163.45,2
17,2618.23,8
124,333.97,2
109,530.18,2
162,1516.24,3
8,492.65000000000003,1
225,112.32,1
73,437.96,2
35,559.97,4
3,1119.74,3
15,4216.2,3
196,134.04,1
19,3729.34,15
86,595.25,2
21,1910.01,4
23,4628.75,3
198,176.63,3
65,426.6,1
5,911.26,6
11,2314.65,5
31,3883.25,11
0,4871.93,9
147,1046.56,4
40,166.20000000000002,1
17,1305.33,4
52,51527.3,44
-1,3965.62,9
18,43.2,1
117,640.14,1
338,383.45,1
71,1858.96,3
51,2093.32,2
0,2995.72,6
28,2352.53,9
35,310.26,1
36,1611.59,6
106,120.0,1
44,2481.13,6
182,508.58000000000004,1
38,477.79,2
10,1530.75,5
114,605.0600000000001,2
35,183.85,1
163,311.65,1
17,5014.84,7
135,462.65999999999997,2
22,866.31,3
274,415.2,1
16,2552.21,8
16,468.26,2
16,1614.91,4
196,588.22,2
35,309.52,1
218,134.7,1
45,2182.28,8
21,668.5600000000001,4
97,889.9300000000001,8
332,108.97999999999999,1
31,1021.58,2
260,409.57,1
10,133.5,1
67,282.93,1
164,51.0,1
36,1078.96,4
126,90.6,1
89,163.62,2
453,174.4,1
79,701.23,2
43,225.77,1
19,912.18,3
120,2128.23,4
22,161.2,1
4,3717.35,8
21,9261.52,16
319,155.0,1
295,100.5,1
358,76.55,1
156,257.68,1
262,617.05,2
44,348.1,2
52,202.68,1
26,626.0699999999999,1
163,1247.69,3
9,202.11,3
296,142.4,1
74,1770.56,3
10,3212.84,8
213,1043.46,2
4,4652.82,9
218,67.95,1
60,3507.71,9
213,487.99,2
3,2612.96,19
149,574.7,1
64,4051.48,13
141,1475.81,4
108,1474.32,6
1,156.75,1
107,2157.73,6
10,2606.53,7
71,2059.4500000000003,6
122,1105.07,9
310,1063.0,1
42,770.03,2
362,122.7,1
91,1496.98,7
19,5900.28,13
22,490.22,2
25,1937.25,3
10,1058.06,6
334,387.52,1
4,813.11,2
17,4263.64,6
218,265.2,1
17,322.08,1
23,4481.67,10
50,363.34000000000003,2
79,1244.83,5
68,470.36,1
9,2255.51,6
21,1372.8,6
303,89.06,1
453,63.0,1
190,131.9,1
319,2661.24,1
42,2357.6800000000003,5
43,1712.89,4
204,1589.82,2
53,1420.2,4
28,1039.58,4
18,1163.23,5
9,375.35,2
18,907.1,4
3,483.25,3
60,662.59,2
10,264.44,2
306,119.93,1
22,3062.4,9
310,113.64,1
155,1837.92,1
110,434.34,3
148,2103.06,3
31,2004.02,11
170,529.62,3
68,1058.6200000000001,3
59,2272.4,7
17,598.76,4
11,461.19,2
63,1936.84,8
74,234.34000000000003,2
46,547.66,1
71,925.85,3
257,215.7,1
19,1309.6,4
253,316.25,2
11,279.05,1
164,636.51,2
18,2068.15,6
281,137.1,1
50,321.92,1
332,165.75,1
26,1196.33,6
274,1064.28,1
207,463.38,1
175,340.93,2
16,2383.2400000000002,5
25,139.56,1
50,123.8,2
341,538.8100000000001,2
282,475.37,1
42,1957.32,5
26,815.32,3
0,356.85,3
94,251.21,2
19,2470.67,11
10,3543.26,6
47,673.26,4
17,5905.64,8
17,2012.17,5
23,1383.18,6
22,276.42,2
11,1314.81,5
217,275.28,2
100,455.59000000000003,3
8,1055.35,3
17,2102.09,6
141,330.45,2
182,174.37,1
119,270.6,2
24,974.54,4
108,241.09,1
71,1867.68,9
19,4332.2,9
0,8508.82,55
301,364.21999999999997,1
60,620.04,3
25,2925.91,6
236,932.85,4
24,1949.72,7
1,4447.05,18
60,2864.19,3
259,171.8,1
57,355.56,1
182,388.25,2
15,537.48,2
9,996.26,3
-1,1461.65,8
156,103.25,1
28,3630.33,16
24,2024.45,2
40,2578.09,5
12,4007.54,8
2,652.8,2
341,289.24,1
10,765.62,2
18,186.23,2
32,165.07,1
19,859.27,5
10,2381.04,4
57,324.14,2
85,788.38,1
16,2237.77,22
75,1080.76,3
11,5074.77,18
113,3099.12,4
110,1432.0,1
56,1530.3600000000001,2
119,227.39,1
250,218.06,2
40,2832.84,7
34,1653.42,9
665,35.400000000000006,1
12,859.71,4
180,168.63,1
16,138.6,1
40,114.11,1
144,1052.55,5
94,1042.26,4
50,157.05,1
128,237.36,1
8,1601.14,9
637,39.75,1
15,1447.14,4
56,570.46,3
21,617.99,3
300,379.83,2
19,1740.6,6
11,883.15,2
44,221.97,1
160,393.33000000000004,1
10,213.96,1
67,660.0,1
4,12156.65,93
15,16569.5,14
59,1785.15,4
72,601.56,4
35,406.08000000000004,3
9,553.44,3
127,394.44,1
205,412.78000000000003,2
89,1788.3600000000001,5
125,320.58000000000004,1
43,889.25,5
29,225.85,2
196,899.63,2
23,2791.27,4
35,671.96,2
47,959.01,2
50,1006.98,3
262,114.56,1
266,344.90000000000003,1
268,609.85,2
50,443.6,1
31,2984.49,6
24,2125.08,6
21,110.46,1
-1,96.12,1
170,693.8100000000001,2
274,830.76,2
97,597.09,2
1,280206.02,73
201,243.22,1
34,1417.29,4
4,654.6,2
77,114.18,1
9,1947.55,7
22,1932.23,4
169,291.05,2
17,848.22,4
117,247.15,2
78,2529.93,9
86,285.74,2
26,107.95,1
28,771.17,4
19,637.89,2
30,1835.7,5
24,195.25,1
10,9241.2,25
5,1269.99,3
250,411.53,2
161,765.55,2
9,1736.4,5
16,604.75,1
78,2548.2400000000002,6
25,28754.11,16
4,498.95,3
201,52.0,2
25,1236.28,5
106,628.38,1
2,5630.87,21
208,112.8,1
32,371.7,2
34,2114.33,5
137,591.55,4
264,172.9,1
1,2078.95,7
218,188.60999999999999,2
15,1250.76,5
95,109.13000000000001,1
151,2235.3,3
10,2549.37,9
18,3292.14,17
14,318.17,1
3,1546.91,9
198,179.0,1
124,1126.37,3
15,4921.04,13
14,606.13,4
10,2868.8,11
59,917.07,3
9,2666.36,11
24,160.19,1
8,867.38,4
43,329.68,2
10,1602.13,5
30,663.81,3
147,187.92000000000002,1
10,1158.3,6
24,718.08,1
67,268.58,1
696,313.49,1
107,2005.06,8
34,380.02,3
0,2702.4900000000002,8
16,9585.91,12
11,6065.69,32
180,1164.55,3
4,1314.45,7
19,3902.28,7
197,1448.21,3
11,1400.34,6
16,1099.98,7
112,1220.26,5
249,328.2,1
34,1415.75,5
43,389.64,1
87,563.15,1
44,638.05,2
9,5010.28,11
15,738.96,1
75,420.5,1
144,1484.06,4
112,1625.97,3
297,89.2,1
-1,255.9,2
263,300.52,1
46,278.3,1
59,254.11,3
65,2473.37,6
17,192.60000000000002,2
82,10674.75,8
232,876.42,2
112,139.26,1
-1,1011.9,3
51,2538.3,11
245,730.86,2
250,386.15,3
54,447.68,2
319,200.10000000000002,1
26,289.99,2
10,77.4,2
26,679.4399999999999,2
28,197.64,1
1,745.06,4
152,6.2,1
21,228.99,1
9,1319.91,7
166,131.45000000000002,1
22,8022.49,17
52,173.74,3
51,157.7,1
29,4339.74,12
90,193.14,1
97,845.55,3
331,353.27,1
15,554.65,4
75,193.39000000000001,1
39,2741.17,8
40,2087.88,11
576,155.43,2
273,778.5,2
197,271.85,1
159,1110.34,2
73,657.8,3
182,272.07,2
21,507.29,4
484,48.800000000000004,1
3,321.43,3
10,1127.71,4
15,2226.91,12
161,2139.76,3
59,697.55,4
53,197.13,1
-1,1720.3,6
10,102.44999999999999,3
30,1649.5,4
267,62.85,1
29,3295.76,6
43,2824.69,4
5,3189.81,4
148,309.4,1
1,7930.54,25
341,325.75,1
23,511.35,2
-1,2836.69,6
4,475.8,2
67,2759.83,7
1,645.65,2
56,1311.3799999999999,3
29,1173.12,2
12,1353.74,4
19,170.32,1
52,125.79,1
25,841.1999999999999,2
59,266.76,1
300,52.2,2
10,14389.9,12
156,710.28,3
21,2953.59,8
103,725.7,2
261,327.25,1
178,522.38,4
210,519.68,1
107,1465.3200000000002,2
3,1485.54,9
77,706.19,3
19,255.4,1
26,589.7,2
4,761.59,6
131,765.3199999999999,1
339,364.8,1
79,1862.0,1
207,369.2,1
161,135.9,1
253,125.65,1
148,554.38,2
9,1237.8500000000001,2
85,655.75,1
40,11138.710000000001,20
204,468.77000000000004,2
0,1366.38,4
23,1303.52,6
0,1421.29,9
25,332.66,1
21,2810.63,5
25,1025.44,2
216,616.15,2
28,3501.1,7
74,277.8,1
25,434.35,4
-1,143825.06,201
16,867.85,2
36,1227.43,4
91,307.48,2
70,1268.98,4
115,1610.15,2
34,977.77,2
89,1316.07,2
50,749.1,1
127,310.05,1
151,223.88,1
67,2372.86,3
22,1257.68,5
453,363.53,1
81,1890.94,2
297,1784.71,1
97,8137.02,8
56,1621.88,3
59,5900.25,12
14,100.9,1
72,290.82,2
23,1101.97,6
19,371.2,1
79,311.69,1
0,8099.49,11
25,289.82,1
12,336.17,1
253,58.49,1
127,499.68,3
109,695.42,4
171,221.27,2
10,7044.68,9
270,126.7,1
9,1487.8,5
188,206.21,1
244,599.0,2
14,191.32,1
49,463.8,1
89,147.59,1
137,1592.06,4
43,1116.57,3
276,114.77,1
107,1314.45,3
301,114.39,1
57,279.94,1
57,790.86,7
72,1931.42,5
158,102.12,1
3,213.27,2
198,296.75,2
15,326.4,2
4,334.54,1
250,233.23000000000002,2
0,546.1999999999999,3
5,429.87,2
47,490.52,1
115,1641.76,4
147,1246.32,1
15,6316.57,28
51,502.09,1
277,156.91,1
12,1261.78,3
242,308.94,1
53,423.04,2
43,260.17,2
172,170.04,1
181,125.58,1
332,496.21000000000004,3
266,266.0,1
26,1914.82,9
11,905.04,4
39,6802.76,11
9,1661.33,10
181,377.01,1
80,469.0,3
89,1066.1499999999999,4
42,627.13,4
71,518.28,2
89,668.14,4
256,4959.1,3
25,2586.67,10
15,4308.61,8
30,252.73000000000002,1
72,465.55,3
-1,705.49,6
9,19914.44,47
170,180.35,1
199,135.93,1
120,537.0,1
5,7700.2300000000005,17
32,735.66,2
9,5213.7699999999995,15
269,343.62,1
116,384.05,4
36,121.17000000000002,1
25,1782.09,3
2,1391.61,3
319,215.78,1
185,697.79,3
12,302.1,2
97,1489.5,2
25,2124.9900000000002,11
40,1337.72,9
9,303.09,4
4,54534.14,48
71,987.86,4
65,370.79999999999995,1
164,3158.13,4
53,893.59,1
78,1744.76,3
46,553.36,2
179,1109.53,1
665,106.2,1
97,982.07,2
9,1043.41,3
105,748.87,1
77,773.03,1
172,880.85,1
11,9743.11,32
34,895.61,4
22,504.8,5
256,88.2,1
281,306.94,1
21,1160.07,2
10,2420.84,6
251,381.32,1
274,480.71,1
126,457.81,2
18,4597.02,6
103,1370.6,4
42,219.39000000000001,1
211,248.08,1
64,39916.5,3
84,410.48,1
69,876.0,3
331,317.53,2
86,703.36,2
196,1027.44,2
18,2298.93,7
4,1422.52,5
38,319.5,6
141,1300.25,4
127,484.95,1
23,996.1,4
59,1567.48,3
9,3609.33,3
37,2760.56,10
18,340.11,1
17,1352.75,4
14,1551.78,5
134,244.8,1
127,266.4,1
133,358.82,1
50,457.72,2
114,1633.78,3
206,2199.31,2
22,184.19,2
25,11528.48,15
213,406.53,1
60,1471.0,4
50,3447.4,11
169,330.11,1
18,977.9300000000001,5
37,982.42,3
14,1387.99,8
239,139.05,1
22,1286.7,4
161,178.96,2
52,2354.25,7
46,498.74,1
225,259.45,1
-1,6580.44,17
43,1194.73,4
164,1327.16,2
240,623.5,1
10,301.29,1
133,520.8000000000001,1
17,5314.47,10
9,4745.69,13
120,329.25,1
75,296.42,1
119,961.49,3
124,1936.07,3
45,401.40000000000003,1
18,18641.010000000002,30
357,158.16,1
18,304.47,2
208,843.05,3
696,487.75,1
320,163.0,1
25,106.56,1
8,1289.5,1
70,1624.05,5
322,135.75,1
71,224.14,1
260,40.5,1
18,2206.95,5
515,87.5,1
175,689.4799999999999,3
124,622.85,2
59,406.76,2
70,310.62,1
14,411.41,2
15,4777.18,16
5,16225.39,41
1,1044.32,3
60,499.32,1
78,7616.53,15
150,3861.0,1
10,1079.6100000000001,3
122,193.64,2
29,1268.7,4
87,1236.54,5
25,1827.8,6
357,316.58,1
85,653.24,2
10,420.29999999999995,4
119,870.12,5
225,331.18,1
60,894.4100000000001,2
5,101.8,1
318,328.35,2
10,1661.44,8
46,734.94,3
87,96.6,1
10,5756.89,11
176,305.75,1
51,1778.96,6
484,403.25,1
318,585.0,1
225,755.75,2
358,322.08,2
234,409.40000000000003,1
310,154.41,1
126,1219.4,5
169,3386.71,4
239,429.6,2
113,612.06,2
128,197.0,1
158,2247.51,12
298,321.05,1
78,1412.32,4
59,1071.99,3
10,780.59,2
5,1706.57,5
73,1756.44,8
74,316.68,1
213,631.57,2
134,2515.84,3
238,514.15,2
92,356.0,1
1,6688.46,13
2,10484.99,11
94,740.78,2
0,918.1999999999999,5
245,300.36,1
243,890.85,1
148,98.45,1
340,317.15,1
168,623.16,2
100,1810.77,7
135,254.82,1
323,178.95000000000002,1
106,156.51,1
182,393.74,1
32,1506.1200000000001,2
222,119.3,1
-1,1717.36,5
23,408.8,1
15,2379.49,7
3,2507.07,15
57,721.94,2
18,716.57,2
301,615.14,1
243,135.31,1
46,255.89999999999998,1
354,290.51,1
172,113.12,1
-1,2332.15,9
49,240.55,1
22,486.69,2
43,2306.52,5
59,939.78,3
42,7943.22,18
3,4668.3,15
201,180.94,1
34,3672.86,6
10,641.94,3
10,4799.9,12
164,4507.01,7
182,496.44,1
50,5070.35,12
290,574.02,1
60,694.4000000000001,8
122,1174.35,3
214,205.3,1
67,310.47,1
-1,60767.9,91
75,924.85,4
110,52.0,1
199,327.97,1
116,570.5,2
326,165.0,1
180,312.62,1
340,204.5,1
44,267.13,1
70,2748.31,3
85,679.68,1
103,162.29,1
69,311.71,1
52,208.75,1
39,1049.7,3
60,714.96,2
484,1661.06,4
208,1028.56,1
163,351.67,3
53,173.97,1
243,574.07,2
80,2020.52,1
304,406.09,1
87,364.5,1
74,563.94,3
45,393.54,1
38,252.42000000000002,1
484,201.60000000000002,1
72,158.04,1
217,473.81,2
696,115.65,1
12,1960.1100000000001,7
254,777.02,2
53,277.05,2
71,2766.5,10
0,8347.2,22
39,427.93,1
361,418.92,1
665,326.0,1
214,913.19,2
25,2314.32,7
75,602.51,2
57,1877.59,4
21,446.94000000000005,1
29,2386.05,7
137,2007.3999999999999,1
18,2415.91,12
276,168.0,1
40,1233.3600000000001,3
97,3703.29,7
46,1690.2600000000002,5
65,596.85,2
14,5955.71,6
169,642.41,2
40,316.88,1
186,394.14,1
270,140.54,1
172,500.0,1
0,1535.53,4
16,231.86,2
9,2183.54,4
325,107.45,1
112,288.18,1
289,94.0,1
16,1345.53,2
22,815.77,3
113,716.2,5
148,626.77,2
278,349.1,1
37,510.71000000000004,2
94,1056.44,4
264,267.18,1
84,3450.84,8
26,1358.88,4
171,190.53,1
9,774.9000000000001,3
313,572.8100000000001,1
155,3984.32,4
85,508.8,1
24,135.86,1
-1,950.36,4
323,97.7,2
332,43.5,1
254,383.34,2
19,1447.39,5
47,1483.14,3
15,93.78,1
26,397.35,2
23,171.19,1
65,533.3,2
107,1041.48,5
22,149.29,1
12,1122.53,3
262,200.16,1
131,156.57999999999998,1
54,383.68,3
219,594.0,1
12,3236.91,7
9,1418.26,2
264,113.5,1
330,155.17,1
312,494.64,1
26,974.52,3
89,429.84,1
59,538.73,3
56,1388.37,7
362,179.1,1
340,447.22,3
262,237.07,1
25,161.64,1
354,216.76,1
143,234.6,3
59,126.14,1
222,1048.85,1
3,7354.62,18
85,334.53,1
9,524.88,3
51,467.51,2
31,538.55,2
150,469.48,1
113,371.56,1
-1,1771.2,7
77,454.10999999999996,1
40,1441.42,2
116,905.5,1
15,11054.96,12
266,233.81,4
18,3594.31,4
89,2575.0,3
122,91.32000000000001,1
4,1134.28,3
100,3100.09,6
28,659.4599999999999,2
149,2001.8,5
21,1299.23,2
17,1262.2,2
4,13316.4,27
18,1131.56,4
15,10384.93,12
362,147.09,1
81,52.83,1
52,3610.96,5
22,979.26,3
171,492.36,1
225,1000.27,6
330,250.0,1
11,909.23,5
155,121.0,2
4,14758.220000000001,19
12,4139.46,11
44,62.43,3
233,267.03,1
38,1942.45,8
119,343.5,1
34,3000.2,8
87,398.84,2
84,412.01000000000005,1
24,440.0,1
17,825.92,3
181,148.44,2
18,2429.78,8
254,229.33,1
22,3995.23,11
21,1502.35,4
89,2007.44,2
25,1580.93,4
19,807.57,3
173,536.4,4
163,110.92,1
300,538.46,1
11,213.3,1
114,85.13000000000001,1
288,127.86,1
1,3546.71,9
54,292.71999999999997,2
30,4954.84,14
77,1693.26,3
37,575.63,4
273,436.06,1
187,90.12,1
60,437.23,1
159,217.2,1
-1,4805.17,16
24,279.77,1
28,473.65000000000003,1
11,800.59,4
351,134.55,1
22,1400.44,4
50,173.16,2
18,186.01,1
44,758.29,3
38,1375.71,5
10,4165.52,12
11,650.4300000000001,4
25,2552.86,7
85,607.45,2
177,702.25,4
301,940.6700000000001,1
32,258.88,3
162,127.1,1
302,348.6,2
31,3679.9700000000003,13
24,682.9100000000001,3
23,725.11,4
176,455.3,1
30,913.6800000000001,4
255,478.53000000000003,3
46,388.58,1
70,199.8,1
15,1771.78,5
95,1406.59,5
242,324.57,1
53,240.68,1
26,761.74,2
11,6776.56,14
22,1297.8700000000001,9
78,48.480000000000004,1
52,216.39,1
30,1198.23,5
1,2920.16,9
161,104.76,1
28,1093.68,4
125,298.48,1
51,112.46000000000001,1
9,1591.45,13
90,195.15,2
10,10399.74,23
122,776.851,4
10,336.40000000000003,1
56,1553.18,3
11,1293.03,4
43,3709.56,9
141,301.03,1
116,588.13,4
103,1534.26,4
74,675.8,2
24,2870.2400000000002,9
45,1186.35,2
15,3285.31,8
17,243.55,1
30,724.76,2
52,223.36,1
134,425.32,1
16,12515.66,15
105,1887.2,4
309,664.0,3
166,813.0,4
18,612.01,1
158,447.64000000000004,3
204,657.35,2
161,816.0,2
260,646.3,3
91,337.74,1
115,877.4399999999999,2
9,922.53,2
66,560.67,1
45,748.5,4
22,30.0,1
197,1024.1000000000001,5
43,306.45,1
25,1600.86,9
222,309.8,2
106,138.14,1
50,386.43,1
66,2242.01,2
39,301.32,1
187,76.32000000000001,1
40,684.34,4
296,173.05,1
18,2657.13,7
0,2881.02,4
65,2446.6,5
81,323.69,3
18,3435.76,3
49,657.23,1
52,352.7,1
24,781.28,4
9,1333.68,3
25,1426.16,5
117,193.75,1
23,2993.1,9
1,254.1,2
100,239.76,2
339,136.8,1
28,191.04,1
25,6479.4,14
266,409.98,2
79,2736.46,8
17,309.65,1
172,696.68,2
73,1542.14,4
264,211.5,1
126,2293.62,4
201,143.1,1
75,1060.56,4
43,945.58,4
40,3364.2400000000002,7
340,133.25,1
9,1072.3600000000001,5
143,356.7,2
11,330.88,2
145,1118.81,4
234,150.3,1
151,5045.61,13
24,598.73,1
11,507.08,1
108,2222.56,5
423,203.1,1
201,218.25,2
15,415.25,1
8,5178.96,7
34,85.0,1
122,1120.88,3
34,294.12,2
309,162.3,1
114,1339.45,2
14,1205.1200000000001,8
18,4812.42,16
243,449.12,1
49,154.88,1
16,784.46,4
77,34.8,1
19,1094.59,4
134,196.88,1
12,974.04,3
40,149.31,1
38,44534.3,3
15,2465.48,8
39,2637.38,7
129,79.2,1
51,458.57,3
0,2364.25,6
63,532.96,4
187,714.42,2
24,205.25,1
218,253.04,3
77,583.75,2
77,1086.92,2
0,3279.97,6
182,315.06,1
115,621.8299999999999,3
40,56252.72,26
241,635.6800000000001,1
302,270.8,1
127,104.9,1
133,241.62,1
5,1047.11,4
35,475.28000000000003,3
25,345.46,3
9,2614.7400000000002,3
10,246.3,1
151,2328.9700000000003,5
46,4932.2,3
26,948.05,3
358,351.3,1
10,220.85,1
43,1612.69,2
14,965.61,3
149,610.01,1
17,2711.56,8
95,2207.4,4
75,884.14,3
107,699.08,2
46,1063.95,3
142,451.42,1
51,415.82000000000005,1
11,4206.39,13
23,5528.4800000000005,17
46,784.58,3
50,903.9,3
190,3734.9700000000003,4
68,515.77,5
78,1391.98,4
22,2218.62,6
32,1801.14,5
207,1303.9099999999999,2
16,1945.33,4
34,2100.6,5
49,1905.45,4
319,206.98,1
44,570.96,2
180,885.47,2
665,15.0,1
172,532.94,1
56,1654.31,3
73,1836.0900000000001,14
140,636.14,2
301,576.0,1
-1,801.76,3
254,836.79,1
70,2233.75,4
44,954.09,4
50,137.37,1
182,391.98,1
11,33643.08,19
80,1048.49,3
-1,355.56,2
72,1224.06,4
98,118.95000000000002,1
46,130.73999999999998,1
17,3711.77,8
288,389.27,2
19,238.85,2
186,160.71,2
51,110.8,1
86,2974.65,12
94,712.24,5
32,16387.57,27
18,297.0,1
15,1438.85,5
40,977.21,8
12,3165.36,8
112,832.88,4
25,68.84,2
22,1936.3200000000002,6
0,895.13,3
101,230.53,1
22,3812.64,15
159,149.64,2
151,354.09000000000003,1
14,360.93,2
127,4405.88,7
17,493.28,2
576,343.28000000000003,1
312,501.39000000000004,5
198,516.36,4
150,396.48,2
122,379.35,3
60,181.09,1
80,168.31,1
185,446.87,2
226,524.52,1
253,263.55,2
149,179.17,1
194,222.05,2
119,1388.88,5
545,56.25,1
23,351.11,1
16,363.88,3
9,5126.76,7
331,164.68,1
19,1567.69,7
176,967.45,3
173,191.94,1
15,1232.18,8
178,264.62,2
16,1528.09,8
188,123.1,1
271,334.23,2
19,639.89,2
124,167.5,4
172,336.03000000000003,1
696,369.5,1
665,127.08,1
194,207.15,1
274,426.63,1
0,2495.87,8
21,1107.46,3
5,416.86,2
182,145.35,1
112,404.58,5
3,6115.01,15
341,35.8,1
133,337.44,1
128,325.1,1
453,181.0,1
82,1708.24,1
43,955.24,2
16,364.72,2
78,1765.51,4
285,708.22,2
181,806.57,4
4,1659.3799999999999,8
24,4416.26,14
120,428.89,1
74,104.35,1
19,470.76,2
17,845.64,4
23,418.83,2
49,666.1,3
98,314.1,1
0,4199.85,12
484,307.82000000000005,1
4,3442.15,7
84,371.01,1
165,430.94,2
17,1054.73,2
77,1098.78,1
0,2398.86,3
5,3408.48,8
22,1475.02,4
71,2837.67,10
123,1142.42,2
89,168.12,1
12,1451.28,7
19,158.03,1
44,792.11,2
180,41.989999999999995,1
16,2797.57,7
54,427.07,1
0,1060.68,6
87,3089.97,5
150,12393.7,3
59,2735.37,5
12,615.39,4
4,101.4,1
3,1701.94,4
23,478.78,3
22,992.71,4
127,407.5,3
1,3362.71,16
155,1415.29,3
1,37130.6,47
63,662.38,3
26,705.39,3
15,1508.76,8
47,211.88,1
3,408.90000000000003,2
46,3786.2400000000002,9
16,851.01,3
260,628.28,1
46,719.81,3
12,251.24,1
59,439.65999999999997,1
43,236.09,1
68,934.62,6
29,81024.84,63
282,331.24,1
122,548.94,2
4,8816.4,20
38,437.7,3
87,758.92,2
129,855.02,3
177,471.78000000000003,3
148,1313.55,3
89,3166.4,3
22,1197.27,5
4,773.99,4
1,1340.7,4
696,256.44,2
40,1111.79,3
173,137.9,1
54,362.06,1
92,1511.95,2
145,783.9,1
279,134.8,1
45,664.85,1
4,2263.12,7
71,1459.8600000000001,6
5,1153.62,4
260,335.32,1
453,372.09,1
16,1521.87,5
22,852.15,2
44,326.24,1
288,584.3199999999999,1
297,122.39999999999999,1
22,2234.73,10
340,79.2,1
16,1352.0,3
67,217.16,2
56,2806.9,5
100,1317.62,2
299,436.18,1
-1,981.51,5
29,1121.39,5
124,315.06,2
114,817.86,3
106,17.0,1
11,1078.23,4
264,320.62,1
240,185.04999999999998,1
87,2005.63,7
50,731.9,3
70,1290.7,1
42,1842.14,3
79,1429.64,6
90,302.36,1
219,336.96,1
213,108.38,1
17,3204.1600000000003,7
84,842.5,1
218,611.88,2
45,1337.48,3
69,195.73999999999998,4
94,161.38,1
170,135.75000000000003,1
3,1667.97,8
4,612.78,1
278,232.21,1
72,423.36,2
29,1309.14,4
57,867.11,2
38,684.4200000000001,4
51,307.78,1
317,249.0,1
515,289.35,1
59,6287.77,4
39,656.25,1
17,1880.22,5
51,3506.54,6
16,14589.04,33
21,618.09,2
262,517.55,1
29,709.38,3
18,635.41,3
213,725.18,2
0,620.4,1
249,535.34,1
34,2424.94,6
158,175.2,1
2,3799.4900000000002,11
203,734.13,3
133,375.0,1
296,76.32000000000001,1
142,280.52,2
0,2053.02,5
268,1829.04,1
49,1824.23,5
24,3122.04,9
15,656.69,3
281,348.2,1
85,1025.44,2
14,5575.56,19
339,37.4,1
232,856.6,2
17,822.48,3
2,3787.6,27
39,1822.97,4
50,1885.05,6
29,73.2,1
5,1140.21,5
15,1418.32,6
32,1009.5500000000001,3
169,1037.59,4
50,331.95,1
138,197.9,1
60,215.83,1
100,10254.18,8
73,305.54,1
72,6617.65,4
274,338.71000000000004,1
4,1158.79,6
16,529.41,2
4,4006.94,12
51,6911.4400000000005,15
35,981.86,4
15,215.48,2
40,215.08,1
11,5180.52,13
236,314.45,1
75,400.68100000000004,1
164,1080.6200000000001,2
21,1863.47,4
360,365.27,1
-1,592.9,4
23,405.71,1
89,761.38,4
54,537.0600000000001,4
25,394.38,1
44,664.26,2
0,2262.62,5
9,21086.3,18
0,547.02,1
19,690.34,2
78,159.0,1
170,1062.75,3
80,242.35,1
267,914.9300000000001,1
235,304.25,2
59,3084.68,7
97,864.86,3
318,846.72,1
57,1295.3,4
44,1096.32,5
203,255.12,3
225,314.22,1
34,1010.6,2
278,542.03,2
43,990.88,4
71,536.6800000000001,3
38,867.31,5
78,432.2,1
56,414.2,2
24,3718.8,2
-1,2607.87,13
18,3603.21,7
54,409.1,2
4,1522.75,2
23,1413.66,3
170,114.56,1
90,152.94,1
52,1800.07,5
261,389.44,2
243,3683.86,2
16,2619.91,8
266,752.4300000000001,1
176,46.95,1
45,5203.51,5
50,1035.45,1
17,746.83,4
9,5447.0,9
73,861.89,7
71,667.65,2
353,1141.24,1
15,1429.24,5
116,411.7,1
696,357.95,1
196,559.87,1
176,810.6000000000001,1
100,566.38,1
21,1509.58,3
72,2062.06,1
252,168.3,1
31,1570.81,5
50,823.97,2
169,142.5,1
62,302.25,1
21,2248.9900000000002,10
-1,1328.55,4
268,301.9,1
22,598.2,3
215,233.22,1
25,5360.63,3
138,361.21999999999997,1
37,632.27,6
107,2560.0,4
106,706.57,2
17,616.26,2
49,274.15000000000003,2
330,226.37,1
97,2938.91,8
1,1341.65,3
242,328.15,1
187,404.40000000000003,1
65,1038.46,2
72,373.65000000000003,5
119,326.75,2
196,207.50000000000003,1
177,428.68,3
46,594.24,3
15,3110.96,14
14,3844.22,6
17,251.91,3
28,1593.2,7
123,26626.8,22
273,151.05,1
216,214.79999999999998,1
284,109.95,1
107,549.07,1
24,1971.87,4
75,322.41,4
16,370.47999999999996,2
246,101.10000000000001,1
44,575.41,1
11,887.65,2
78,1469.45,7
290,53.5,1
21,1116.47,4
38,153.9,1
17,494.44,2
8,6675.71,23
73,395.8,2
159,211.77,3
65,658.88,3
79,2027.5,4
8,1750.92,9
0,3512.53,6
9,896.66,4
29,734.77,5
53,109.36000000000001,1
11,707.04,2
2,1540.42,9
18,327.3,1
301,804.49,2
28,497.43,2
18,1553.66,3
64,1320.56,4
181,367.93,2
243,473.03000000000003,2
17,987.01,2
267,676.2,1
188,362.95,3
18,2157.4,4
90,1780.59,1
74,668.36,2
30,584.5,2
60,555.89,3
28,317.2,2
322,94.36,1
53,1382.07,4
269,221.19,1
11,3046.21,13
56,1555.34,5
60,1486.9,5
124,1705.8,2
19,408.57,2
183,303.93,1
14,4098.32,12
264,299.6,2
312,177.5,1
70,443.05,1
68,167.25,2
18,163.07,1
12,2126.93,10
2,2028.88,5
19,214.65,2
53,151.83,1
56,262.2,1
21,126.25,2
44,210.35,1
26,1051.4,3
44,675.27,3
97,972.23,6
17,34684.4,51
24,346.12,1
337,133.56,1
68,302.7,1
21,1908.25,10
263,241.06,2
106,284.55,1
57,300.85,1
65,642.81,3
182,287.4,1
28,184.26,1
47,1522.25,7
26,798.35,5
51,3640.67,5
274,381.2,2
119,616.79,3
46,654.67,4
181,230.51,1
88,168472.5,2
135,259.01,1
198,188.89000000000001,1
197,707.69,2
149,311.92,1
87,266.97,1
44,6.9,2
152,1841.18,7
103,2158.37,5
218,208.36,1
0,3482.7400000000002,18
28,814.72,3
177,151.42,1
73,136.0,3
21,1422.4,4
19,1314.68,3
3,1603.46,7
74,74.9,1
23,650.43,4
51,762.39,4
67,223.95000000000002,1
161,316.11,3
17,1871.5,7
0,544.3,4
67,2494.46,7
25,331.0,3
10,300.83,2
75,769.29,1
15,220.62,1
192,139.35,1
173,404.3,2
77,363.65,1
114,498.8,3
46,731.5,1
79,1351.63,4
296,826.53,1
128,684.41,3
207,1599.52,3
49,2965.69,6
162,100.97,2
360,365.45,2
16,400.86,6
95,1431.93,4
25,484.38,1
120,777.6,1
19,90.30000000000001,2
296,363.7,1
665,248.1,1
21,950.26,3
19,874.59,4
2,1627.13,5
89,101.69999999999999,1
159,162.7,1
90,484.32,2
25,215.07999999999998,2
186,1046.57,3
15,9418.470000000001,21
8,13027.45,26
171,290.36,1
81,228.06,1
180,244.41,1
306,455.25,1
22,1244.59,7
17,6748.8,3
19,1095.56,3
241,593.75,1
110,548.97,1
150,1388.81,4
53,119.62,1
164,339.3,1
290,787.15,2
10,4154.64,10
108,2298.97,5
161,922.12,3
35,379.73,2
67,5719.82,12
8,837.1,3
109,285.89,2
105,3313.79,7
24,281.85,2
22,8338.49,20
26,841.41,2
29,511.12,2
53,1077.74,1
423,173.7,1
15,614.66,5
161,865.6,2
180,124.2,1
15,3738.4,10
26,1421.69,3
32,1009.6,3
84,663.61,2
71,451.44,1
64,105.84,1
113,313.62,1
696,233.45,1
80,936.08,2
219,463.95,1
232,225.15,1
71,459.24,3
302,213.5,1
12,4113.68,16
50,330.03,3
75,181.09,1
90,360.16,1
15,250.15,2
211,90.04,1
285,145.04999999999998,1
16,813.52,6
40,244.79999999999998,1
273,528.08,1
74,482.47,2
-1,3347.71,14
2,5493.46,7
248,75.66,1
186,129.49,1
1,1187.66,4
70,618.59,1
64,506.19,1
15,500.42,2
235,151.85,1
120,2647.59,5
263,226.21,1
180,178.96,2
51,813.48,4
127,129.45,1
80,810.5699999999999,2
67,333.08,1
22,4413.1,17
79,322.8,1
59,2188.05,5
73,417.73,2
3,2883.1,6
338,217.9,2
60,1154.47,4
22,1680.72,10
120,1257.51,3
105,231.10000000000002,1
207,688.33,2
127,487.51,1
34,833.78,2
169,214.06,2
42,290.65999999999997,1
71,518.42,1
-1,6773.97,7
16,1212.66,2
141,601.27,4
8,3794.52,6
2,8625.8,15
9,933.62,4
545,123.24,1
278,39.12,1
16,1267.6499999999999,4
362,135.39999999999998,1
19,118.98,1
284,570.13,2
15,306.71999999999997,6
23,1374.8700000000001,3
16,4095.9,11
28,1692.27,3
5,8134.9400000000005,20
54,319.61,2
65,1592.1200000000001,4
1,3109.99,12
484,129.75,1
43,183.7,1
72,1770.34,6
57,1028.0,5
11,66653.56,28
90,324.24,2
47,3062.83,7
10,1260.86,4
75,422.59999999999997,2
72,225.57999999999998,2
256,1276.0,2
271,482.01,2
65,657.9000000000001,4
5,112.75,1
226,1998.0,2
2,5076.55,13
8,5398.3,13
5,14034.99,20
114,531.35,3
45,656.63,1
84,3029.87,5
19,2483.04,10
26,1651.03,5
9,3645.43,11
5,6923.13,15
218,1161.53,3
78,301.71999999999997,1
266,901.2,2
23,3858.38,6
576,623.75,1
14,1790.42,7
26,155.24,1
262,292.47,1
17,4730.81,13
91,589.15,2
68,781.02,7
26,1382.02,5
423,272.82,1
46,1054.67,4
5,7239.92,21
52,743.11,3
120,603.75,1
52,650.51,3
78,2300.56,5
53,417.59999999999997,1
297,3.75,1
176,323.0,1
46,464.9,1
4,2238.09,7
11,1304.76,7
1,7194.3,17
1,6697.66,18
274,836.06,2
17,1515.9,5
44,623.93,5
89,1764.72,1
665,207.5,1
-1,223.92000000000002,1
665,2002.4,1
114,1496.83,3
95,239.4,1
318,106.83000000000001,1
213,369.34000000000003,1
89,789.79,3
244,316.62,1
19,1501.38,3
198,611.85,1
9,2799.25,13
294,34.0,1
36,1145.6,2
64,5580.6,11
47,478.09000000000003,3
260,380.39,1
57,770.1,5
75,2246.81,5
57,171.59,1
116,661.52,4
10,1695.66,11
60,388.28,1
80,226.35,2
67,245.94,2
8,10629.720000000001,22
100,425.19,2
665,311.25,1
10,2279.9,13
19,107.6,1
123,597.48,2
331,80.8,1
16,1545.6200000000001,6
38,1721.78,7
309,110.38000000000001,2
57,243.84,1
3,1222.71,10
453,414.88,1
30,305.62,1
11,1201.49,1
36,1619.73,4
213,332.3,1
23,536.99,3
173,460.59,2
103,801.49,4
126,1121.59,3
67,288.42,2
23,914.69,5
192,309.54,1
17,547.07,2
360,479.35,1
50,1692.98,10
5,6509.1,21
103,417.06,4
36,1604.75,9
10,3349.57,11
214,497.61,1
227,358.38,1
15,460.64,2
156,775.1800000000001,2
51,341.7,1
112,128.5,2
185,197.22,1
332,325.91,1
125,199.15,3
99,1106.53,4
227,413.46,1
276,180.85,2
39,251.87,2
29,3170.98,11
197,588.85,2
0,16594.35,34
65,1869.82,6
68,1264.19,3
5,10196.57,16
50,214.32,1
43,193.44,1
52,281.42,1
186,124.57,1
69,332.41,1
42,342.45,3
10,144.91000000000003,2
23,328.4,2
14,35.400000000000006,1
545,375.69000000000005,1
144,747.81,2
29,173.76,2
120,502.8,2
63,207.73999999999998,3
22,825.42,4
22,2812.34,6
77,680.02,3
90,7123.62,6
144,2095.53,5
12,853.72,6
84,13.3,1
63,1519.08,7
243,432.0,1
239,705.12,3
217,276.73,2
301,429.84000000000003,2
15,471.51,3
242,194.88,1
66,1578.67,3
119,809.7,5
15,525.54,5
484,145.93,1
182,219.14,1
299,289.78,2
26,508.81,3
19,1281.56,6
16,887.11,3
116,1706.88,1
59,373.24,1
59,3754.27,16
19,3102.43,7
81,579.77,4
59,981.65,5
72,379.14,1
9,1510.06,8
28,2575.38,11
290,113.44,1
273,208.46,1
9,621.6800000000001,6
23,576.26,2
128,391.52,1
49,1068.82,6
5,2596.45,11
90,169.79,1
12,7247.61,19
21,846.75,3
637,230.25,1
115,543.05,3
31,2847.6,17
17,1295.39,7
26,380.55,3
19,4604.22,21
53,161.94,1
119,563.23,2
54,950.9300000000001,2
25,262.68,1
3,2736.38,4
52,3049.88,3
12,1920.59,9
4,816.73,3
-1,4345.5,19
235,406.48,1
138,435.02,3
40,1286.27,6
56,1178.56,3
129,1277.75,3
109,167.61,2
89,20.8,1
16,2085.08,9
125,518.67,4
17,308.74,1
239,416.64,2
87,117.35000000000001,1
60,507.05,3
116,234.17,1
217,110.55000000000001,1
226,201.19,1
15,2154.97,7
278,319.02,1
107,439.43,2
39,650.41,3
332,357.21,1
267,251.51999999999998,1
77,344.33,1
17,1852.0,6
255,1078.96,2
60,384.06,1
3,1931.25,7
0,4481.35,2
0,5464.12,10
59,1873.2,2
42,1625.05,7
241,126.12,1
2,1133.25,6
218,179.0,1
10,1614.31,5
62,1456.96,6
282,702.0,3
129,295.0,4
23,484.82,2
22,3989.57,11
85,1493.73,3
46,1412.94,2
18,781.78,4
50,889.9300000000001,6
18,195.36,1
89,270.9,1
151,586.33,3
28,1842.56,3
9,8694.26,20
40,920.1,2
11,1272.61,4
120,71.0,1
45,95.85,3
60,357.77,3
156,154.82999999999998,2
78,890.29,6
110,716.0,2
152,146.87,1
11,380.35,2
86,1030.14,3
16,745.52,3
127,433.53000000000003,2
87,1267.32,1
89,112.4,1
137,449.73,1
26,1081.57,3
62,1044.3799999999999,5
51,1735.18,4
25,948.48,1
113,339.44,3
216,642.02,1
85,1100.9,3
8,925.35,3
21,5659.9800000000005,9
189,3228.84,6
194,247.14000000000001,1
28,413.75,1
335,498.48,1
28,1356.33,5
81,1179.89,3
59,3095.04,5
266,234.24,1
73,5232.2300000000005,11
313,538.37,4
21,1461.14,7
-1,859.35,3
12,4552.14,21
28,2709.7000000000003,9
114,312.14,1
0,2429.03,9
17,1446.09,4
17,834.12,4
36,841.0799999999999,3
273,378.2,2
78,118.80000000000001,1
22,287.62,2
25,290.16,2
181,2003.85,2
98,1405.78,3
242,2949.75,2
123,1566.65,5
24,2050.08,6
28,1991.01,4
0,2043.95,7
120,3827.76,9
50,1777.78,4
322,302.0,1
22,1324.16,3
-1,1022.13,4
10,954.42,8
18,971.74,2
10,1621.73,4
261,25.5,1
190,665.78,2
75,10815.43,6
44,885.04,6
165,163.29999999999998,1
47,248.61,1
99,808.62,8
64,837.5,3
288,116.19999999999999,1
317,157.02,1
29,606.91,2
233,307.46,1
1,138.32,1
336,345.29999999999995,1
156,298.89,1
50,259.35,1
63,1004.75,5
99,157.09,1
47,2463.17,5
15,4892.240000000001,7
106,425.0,2
16,1139.73,7
97,380.5,1
0,10668.47,12
188,465.32,1
239,579.0,1
84,984.57,2
105,749.78,3
22,1714.59,4
51,124.88,1
194,1689.5,3
24,213.78,1
75,329.34,1
17,251.70000000000002,2
176,319.0,2
151,1266.97,3
21,1538.88,3
5,3518.03,6
28,1715.46,10
21,293.1,2
32,2467.35,7
284,158.68,1
203,206.34,2
57,835.78,2
289,224.91,1
78,317.76,1
-1,3766.6,8
187,59.9,1
3,1443.69,4
201,306.13,1
178,711.79,3
5,796.03,4
57,239.92000000000002,2
22,3347.31,6
46,144.0,2
226,203.95,1
11,2474.23,7
106,384.40000000000003,2
-1,444.74,2
28,2095.13,7
-1,1699.3000000000002,7
36,262.62,2
59,1013.01,1
23,692.22,3
53,342.63,1
52,3563.85,6
5,1564.56,4
53,384.08,1
53,204.24,1
3,2317.2200000000003,8
253,226.85,1
40,2781.23,7
60,1069.1200000000001,6
234,113.5,1
11,1960.72,10
120,114.23,1
24,3198.25,14
273,335.13,2
213,354.15,1
310,426.79,2
251,393.49,1
18,939.32,6
15,1906.09,8
142,318.76,2
264,3638.41,8
12,3174.32,10
14,421.52,2
242,190.88,1
64,149.89000000000001,1
25,550.06,2
12,916.13,6
11,314.69,2
17,3744.65,17
312,382.5,1
3,1135.04,2
14,8676.85,26
53,954.9,1
204,171.45,1
15,282.19,1
31,318.65,1
180,384.52,2
362,283.28000000000003,1
116,353.86,2
18,178.26,1
15,272.44,2
40,298.41,2
107,240.0,2
148,603.37,2
52,1253.3600000000001,5
208,63.440000000000005,1
3,562.9,2
147,310.64,3
245,317.62,2
2,763.64,4
42,2148.63,4
242,111.97999999999999,1
227,1065.3500000000001,2
5,246.04,1
57,187.82999999999998,1
173,1703.41,3
31,1652.58,6
21,153.92,1
26,1064.11,7
9,1419.73,7
3,944.41,3
16,525.24,2
251,550.8000000000001,1
-1,1875.1100000000001,9
28,556.95,3
17,131.78,1
101,498.42,2
11,669.11,4
21,197.63,1
14,1135.63,5
361,250.04,1
10,8631.31,19
214,82.75,1
78,1384.85,2
138,644.3,3
120,2328.84,1
-1,2527.92,8
4,6292.26,38
30,2600.34,3
100,1200.6200000000001,3
274,700.86,2
15,921.07,7
8,990.23,4
250,96.8,1
14,523.11,2
22,363.9,2
123,175.2,1
85,494.25,1
68,307.02,2
4,2027.8700000000001,4
8,6643.93,8
183,243.36,2
31,12353.29,11
185,781.36,3
355,193.64,1
46,160.57,1
15,537.74,4
-1,2676.56,15
86,228.96,1
14,1159.52,5
179,110.75,1
45,1286.07,4
36,587.15,3
124,1740.0,2
50,1393.06,1
341,178.22,1
24,388.14,2
98,365.85,2
11,127.86,1
17,585.79,3
49,488.2,3
239,312.23,2
8,4481.18,11
12,4801.56,8
238,168.4,1
23,1912.67,8
72,446.18,4
17,423.89,3
40,1342.68,8
40,646.92,4
218,495.77,2
199,400.1,3
70,203.2,2
23,4100.92,20
11,404.66,1
1,20275.61,29
213,65.4,1
211,199.29,1
19,336.4,2
14,261.11,1
113,2686.42,6
19,784.11,2
4,1259.56,4
8,31833.68,34
163,508.8,2
190,457.91,2
248,203.86999999999998,1
39,7330.8,8
22,696.41,2
114,653.38,3
210,2129.96,5
50,2633.85,13
273,281.62,1
4,31906.82,15
2,1031.41,3
69,2200.42,3
163,32.65,1
125,771.85,2
-1,1214.72,5
12,778.94,3
23,1258.06,7
43,778.0,2
79,507.84,1
59,6893.42,7
42,463.46000000000004,2
11,4226.57,12
50,598.83,3
3,1979.37,6
46,698.41,2
19,759.17,2
91,5037.26,6
71,100.8,1
5,17256.85,28
156,524.9200000000001,3
151,265.76,2
313,403.3,1
18,365.76,2
0,303.15999999999997,1
9,2373.82,7
119,216.29999999999998,2
253,388.45000000000005,1
185,186.42000000000002,3
62,2248.56,6
248,534.24,1
32,2940.04,3
176,120.9,2
40,541.53,2
45,2520.86,7
2,194550.79,46
15,1721.4,7
17,486.71999999999997,2
192,517.53,4
203,131.7,1
453,249.86,1
204,1737.7,5
15,316.5,1
43,657.3,2
183,622.4300000000001,6
22,757.46,3
60,675.69,2
16,1896.41,5
246,289.96000000000004,1
10,763.28,2
10,137.0,2
16,1870.97,5
44,1125.07,5
288,710.29,3
79,194.37,1
77,511.82,1
15,1255.59,4
94,414.04,3
261,396.87,1
-1,376.64,2
73,2092.32,7
14,3558.87,10
219,374.57,1
300,497.56,2
358,271.05,1
75,272.22,1
289,622.88,1
17,1138.0,3
279,288.6,2
9,689.1,4
150,558.96,2
187,2997.0299999999997,9
205,1145.84,2
75,302.2,1
261,605.58,2
250,387.31,1
57,6115.14,8
24,308.48,1
5,91062.38,31
28,2924.9900000000002,10
72,513.2,1
276,208.65,1
120,639.02,4
1,768.08,5
251,153.94,1
17,1844.02,6
53,546.81,1
59,723.2099999999999,3
94,1070.71,5
11,652.74,4
361,145.0,1
359,422.70000000000005,1
211,1195.8999999999999,4
53,939.37,4
-1,3628.5,8
16,2385.0,10
306,296.7,1
53,223.36,1
250,164.4,1
177,76.5,1
59,897.62,2
25,98.42,1
24,578.9,2
269,170.75,1
43,645.96,3
233,103.3,1
23,148.86,2
66,267.16,3
359,306.84,1
60,930.41,4
304,1487.6,1
16,1952.45,5
19,483.26,2
205,157.9,1
14,541.46,3
155,854.95,4
19,167.62,1
14,1122.38,7
24,454.01,3
25,901.21,2
57,4331.48,8
38,344.14,1
50,1498.51,4
71,226.75000000000003,4
59,380.6,3
35,185.65,1
2,3622.68,19
218,143.45999999999998,1
137,448.90000000000003,3
312,215.72,3
65,11045.04,25
236,175.27,1
245,1242.3,2
109,1133.07,4
100,1240.2,3
32,2404.17,4
17,1479.22,3
73,2225.9700000000003,7
91,3927.34,5
85,993.18,2
12,388.79,2
23,2827.93,7
65,2044.3700000000001,1
17,161.67000000000002,1
239,116.00999999999999,1
23,5102.97,6
78,394.72,1
187,309.36,2
181,193.42,2
40,1112.22,5
35,3984.22,15
53,2048.45,6
22,4559.150000000001,14
57,390.07,1
203,329.6,3
173,571.1999999999999,3
219,971.58,3
312,218.52,1
29,81.44,1
21,1379.9,3
151,527.0500000000001,1
14,843.48,2
18,2047.0,4
81,75.75,1
18,1814.12,8
169,503.59999999999997,2
119,528.33,3
31,1324.84,4
34,2361.9700000000003,9
19,285.56,1
115,547.0600000000001,2
128,108.5,1
86,621.66,1
1,712.29,2
696,101.55,1
31,2895.64,11
248,1008.39,3
213,133.06,1
60,1797.5,4
138,868.49,1
21,166.08,1
11,3945.0,10
25,4867.72,12
31,1207.56,4
159,117.55,1
10,2638.94,7
0,1674.69,5
4,595.42,2
17,2999.46,12
141,196.0,1
25,1802.91,7
18,604.64,2
180,728.16,2
4,2055.51,5
119,347.75,2
42,3406.7200000000003,7
227,205.7,1
4,1572.71,4
50,3178.17,2
119,1629.12,6
74,551.04,2
2,20374.28,31
-1,1387.68,6
28,16363.23,30
263,298.11,1
52,1992.1100000000001,2
23,184.4,1
10,2474.33,6
43,239.41,1
0,3191.53,7
31,5739.46,7
45,4757.95,15
358,290.40000000000003,2
160,740.9399999999999,4
137,200.47,1
141,283.12,1
131,765.34,2
108,2285.71,8
236,338.95,1
260,154.95,1
16,2534.64,4
339,417.95,1
89,1824.37,4
109,798.74,3
168,885.19,2
37,1823.52,9
44,10504.49,17
156,152.4,2
217,267.08,2
169,137.45,1
10,385.1,2
44,522.91,1
320,153.0,1
200,326.4,1
22,5655.99,11
232,139.35,1
0,5396.04,15
26,1195.94,4
244,2424.04,4
95,3276.4000000000005,6
71,1033.0,3
16,3439.08,11
15,1060.25,1
86,2876.01,3
28,5298.4800000000005,13
79,1240.11,4
665,303.97,1
261,692.19,2
53,700.63,3
108,13110.02,19
9,377.44,3
-1,168.24,2
19,1879.05,4
11,2791.35,7
38,355.11,2
25,2322.4,6
240,110.25,1
112,71.4,1
178,674.52,2
56,1797.57,9
359,80.64,1
88,1772.26,5
14,5605.29,30
19,3456.7000000000003,8
17,834.99,3
21,287.59,2
151,712.78,1
263,15.0,1
4,818.8199999999999,2
210,371.88,3
15,271.2,1
166,2273.1800000000003,3
12,3997.98,10
34,1143.27,5
56,245.81,2
10,182.77,2
145,1225.41,4
254,56.4,1
24,665.86,3
21,658.57,3
253,188.02,2
72,283.47,2
53,131.94,1
85,278.74,2
63,1865.19,4
73,1117.9,2
281,225.9,1
2,1965.55,14
59,106.1,1
25,323.04,1
179,350.39,2
40,697.9,4
22,780.43,3
22,3055.93,10
36,1199.01,9
3,1285.04,3
73,512.31,1
11,546.04,1
16,5411.91,12
0,7837.7300000000005,39
12,732.16,4
14,1770.8799999999999,5
213,36.56,4
159,387.68,3
64,3704.87,7
51,298.4,1
35,1995.46,5
22,1820.09,4
298,889.24,1
119,398.7,3
181,35.400000000000006,1
49,155.37,1
9,350.64,3
47,110.21000000000001,1
29,1593.38,8
26,2779.3,5
42,338.8,1
-1,40991.57,124
98,205.48,1
106,51.559999999999995,1
85,2033.1,1
81,901.1999999999999,9
69,605.8000000000001,4
665,5391.21,34
11,114.34,2
156,311.26,2
665,208.97,1
119,1418.03,4
17,26879.04,23
1,5155.66,12
129,148.21,1
545,252.8,1
24,2100.8,8
323,330.9,1
29,3160.0,6
12,597.5,3
0,10526.32,20
142,329.65,1
89,1197.1000000000001,6
107,428.18,5
14,1894.35,12
204,155.9,1
80,1859.16,5
156,683.46,6
170,237.61,1
43,379.45,1
173,178.51999999999998,1
423,458.92,1
129,133.35000000000002,1
14,671.77,4
180,717.45,4
12,190.19,1
120,899.61,3
304,111.35,1
21,726.05,8
34,203.87,2
322,602.09,2
162,203.85999999999999,1
56,244.1,3
225,112.25,1
71,1119.81,8
44,98.0,1
23,256.32,1
172,566.6,3
85,152.06,2
277,155.8,1
306,112.19999999999999,2
59,110.38,1
21,191.67,1
71,800.24,4
188,72.9,1
696,243.28,1
9,366.23,1
310,311.01,5
-1,411.6,2
180,336.43,1
45,341.28,3
0,1304.04,1
11,4204.1,17
148,826.52,4
309,207.50000000000003,1
11,2962.5,7
665,244.08,1
133,397.29,2
45,212.54,2
11,843.0,4
71,1740.48,5
134,408.36,2
4,1331.57,3
-1,704.25,2
138,145.79,2
241,389.84,1
114,4301.22,7
277,99.14,1
49,4106.4400000000005,10
335,304.56,1
300,77.50000000000001,1
233,149.57999999999998,2
301,176.68,1
147,358.56000000000006,1
2,58510.48,45
72,482.2,3
39,1008.5400000000001,3
123,2332.72,12
198,557.3,4
249,12.75,1
243,111.68,1
116,508.4599999999999,1
171,73.78,1
0,1296.44,39
142,102.83,1
120,471.7,2
8,2622.57,14
32,1098.43,5
637,123.07,1
696,277.35,1
166,228.2,2
4,582.59,1
5,136.04,1
51,337.04,1
24,740.79,3
15,4488.81,13
665,353.19,1
59,288.14,1
453,300.91999999999996,1
168,757.71,4
165,811.45,3
145,152.68,1
22,634.95,1
56,20.8,1
156,198.57,1
11,201.12,7
236,630.84,3
225,93.35,2
36,678.49,4
281,76.1,1
63,1970.6699999999998,8
301,382.06,2
12,417.23,2
362,169.47,1
47,249.72,2
23,444.68,1
35,2116.19,9
235,257.34,1
256,174.8,1
696,102.78999999999999,1
155,187.29,2
28,166.42,1
211,120.03,1
74,1483.56,5
81,523.0,3
108,122.14,2
51,38.45,1
242,668.11,1
63,389.78,2
303,115.31,1
42,230.64999999999998,2
99,73.5,1
213,97.97,1
21,422.88,2
43,730.4,3
105,405.62,3
124,70.02,6
19,357.20000000000005,2
11,4183.39,21
53,165.04999999999998,1
24,559.51,3
87,2088.6,10
45,189.4,1
203,172.29000000000002,2
359,74.4,1
70,300.02,1
39,6784.1900000000005,10
288,363.65,1
9,170.16,1
23,306.46,3
21,2119.41,10
173,720.52,3
133,814.0,2
86,2392.83,14
75,318.0,1
40,396.33,1
289,101.69999999999999,1
0,2036.67,5
257,453.0,2
156,247.44,1
114,3877.5200000000004,12
696,489.6,1
23,2611.75,10
31,2633.0099999999998,11
187,336.13,2
45,3651.97,4
18,1231.5,2
112,343.45,3
25,703.37,1
16,90.47999999999999,1
330,689.95,2
67,101.34,1
290,4055.7199999999993,2
90,167.67000000000002,1
1,9068.26,11
31,2106.52,4
81,3017.3,7
38,580.0500000000001,2
11,911.15,3
205,2697.8,6
245,168.31,1
11,223.65,2
11,259657.3,60
301,754.64,1
301,113.48000000000002,1
329,430.7,1
254,271.0,1
3,8052.97,26
19,236.3,1
12,352.69,2
545,76.32000000000001,1
290,220.1,1
234,1418.03,8
25,320.72,1
10,5653.82,26
515,181.12,1
95,111.15,1
124,673.1,2
2,1826.21,6
24,589.4399999999999,2
59,1142.99,4
60,206.82999999999998,1
19,348.73,3
66,112.55000000000001,1
15,1059.39,3
34,931.4999999999999,1
59,681.9100000000001,5
4,784.33,3
295,152.65,1
17,8438.34,6
126,1019.52,2
116,1000.16,2
34,2888.75,12
12,2861.55,4
140,160.35000000000002,2
45,179.33999999999997,2
36,612.0799999999999,3
140,566.58,3
134,653.35,2
43,399.19,2
75,371.62,3
12,734.94,2
0,453.4,2
37,530.15,1
57,638.0600000000001,2
15,1618.69,5
301,399.65000000000003,1
177,302.46000000000004,1
23,1384.8600000000001,3
68,1169.94,6
60,202.65,1
112,980.31,3
-1,1231.31,5
4,7561.68,20
67,2106.84,4
300,104.0,1
358,476.35,1
120,1341.42,6
248,1590.81,4
9,1793.17,6
0,1843.75,6
24,382.8,1
67,632.07,2
15,49.8,1
249,304.25,1
15,2001.04,3
77,1090.24,2
192,284.46000000000004,2
261,207.79999999999998,1
71,957.97,1
165,243.76,1
82,973.8399999999999,1
214,689.13,2
71,5425.56,17
106,163.8,1
199,1396.99,3
216,160.42000000000002,1
71,1993.7,3
74,517.36,2
28,139.10000000000002,1
9,2621.38,6
25,600.07,5
326,248.42,1
236,232.48000000000002,1
30,299.34000000000003,1
120,481.75,1
59,621.75,2
4,662.08,2
43,2069.77,10
226,305.28000000000003,1
4,1041.61,5
122,443.0,1
39,6484.54,14
263,158.95000000000002,1
21,5509.12,12
31,5228.05,11
187,93.75,1
56,779.9,2
-1,7276.900000000001,20
9,2810.2000000000003,7
192,2083.27,5
81,592.97,4
325,440.0,1
31,1796.48,3
59,882.24,6
1,987.1,5
218,1561.6100000000001,5
46,422.58,1
9,2073.09,17
65,2232.4900000000002,4
4,2567.06,7
23,596.1,2
92,804.02,2
17,95.34,1
310,349.27,1
87,4314.72,1
50,526.67,2
30,103.3,1
39,2337.63,8
24,2338.6000000000004,3
99,2643.2000000000003,6
43,324.24,2
140,149.48,1
25,1213.1599999999999,3
72,801.51,2
134,25.5,1
484,168.6,1
266,283.15,2
2,3078.58,6
150,204.0,3
89,175.92,1
43,335.86,1
-1,110.38,1
73,173.9,1
159,180.60000000000002,1
3,80.82,1
215,178.05,2
9,2094.88,16
-1,1837.28,3
