CustomerID,R,F,M
12346.0,1,1,4
12347.0,3,4,4
12348.0,2,3,4
12349.0,4,1,4
12350.0,1,1,2
12352.0,2,4,4
12353.0,1,1,1
12354.0,1,1,3
12355.0,2,1,2
12356.0,3,3,4
12357.0,1,1,4
12358.0,4,2,3
12359.0,4,3,4
12360.0,3,3,4
12361.0,1,1,1
12362.0,3,4,4
12363.0,3,2,2
12364.0,3,3,3
12365.0,1,2,2
12367.0,1,1,1
12370.0,3,3,4
12371.0,3,2,4
12372.0,3,3,3
12373.0,1,1,2
12374.0,3,1,3
12375.0,4,2,2
12377.0,1,2,3
12378.0,1,1,4
12379.0,2,2,3
12380.0,4,3,4
12381.0,4,3,4
12383.0,4,3,4
12384.0,3,2,2
12386.0,1,2,2
12388.0,4,4,4
12390.0,2,1,2
12391.0,4,1,2
12393.0,3,3,3
12394.0,2,2,3
12395.0,4,4,4
12397.0,2,2,4
12398.0,3,1,3
12399.0,4,3,3
12401.0,2,1,1
12402.0,1,1,1
12403.0,3,1,2
12405.0,2,1,4
12406.0,3,2,4
12407.0,3,3,4
12408.0,2,3,4
12409.0,2,3,4
12410.0,1,2,3
12412.0,2,3,3
12413.0,1,3,3
12414.0,1,3,2
12415.0,3,4,4
12417.0,3,4,4
12418.0,2,1,2
12420.0,2,1,2
12421.0,4,3,3
12422.0,1,3,3
12423.0,2,4,4
12424.0,1,2,4
12425.0,2,1,3
12426.0,1,1,2
12427.0,4,3,3
12428.0,3,4,4
12429.0,4,3,4
12430.0,3,1,1
12431.0,4,4,4
12432.0,3,3,4
12433.0,4,4,4
12434.0,2,2,3
12435.0,2,2,4
12436.0,1,1,2
12437.0,4,4,4
12438.0,4,2,4
12441.0,1,1,1
12442.0,1,1,1
12444.0,4,3,4
12445.0,3,1,1
12446.0,3,1,3
12447.0,2,1,2
12448.0,3,1,2
12449.0,3,3,4
12450.0,1,2,1
12451.0,4,3,4
12452.0,4,2,2
12453.0,2,1,3
12454.0,3,1,4
12455.0,2,4,4
12456.0,3,3,4
12457.0,2,4,4
12458.0,2,2,3
12461.0,2,2,3
12462.0,4,2,3
12463.0,4,3,3
12464.0,4,4,3
12465.0,4,2,3
12468.0,1,2,3
12471.0,4,4,4
12472.0,3,4,4
12473.0,3,3,4
12474.0,4,4,4
12475.0,3,1,3
12476.0,4,4,4
12477.0,3,4,4
12478.0,1,1,3
12479.0,4,1,2
12480.0,3,3,4
12481.0,3,4,4
12483.0,4,4,4
12484.0,2,4,4
12488.0,4,3,3
12489.0,1,1,2
12490.0,4,4,4
12491.0,1,1,2
12492.0,2,2,1
12493.0,1,2,2
12494.0,4,4,3
12497.0,2,1,3
12498.0,4,3,2
12500.0,3,4,4
12501.0,1,1,4
12502.0,1,3,4
12504.0,4,2,2
12506.0,1,1,1
12507.0,2,3,3
12508.0,3,2,2
12509.0,1,1,1
12510.0,2,2,3
12512.0,1,2,1
12513.0,2,1,2
12514.0,1,1,3
12515.0,1,1,2
12516.0,4,2,3
12517.0,3,3,4
12518.0,4,3,4
12519.0,2,1,2
12520.0,3,3,4
12521.0,2,1,2
12522.0,3,2,1
12523.0,4,4,4
12524.0,4,4,4
12526.0,3,3,3
12527.0,2,3,2
12528.0,4,4,4
12530.0,3,3,4
12531.0,4,1,1
12532.0,2,1,2
12534.0,1,1,3
12535.0,2,2,3
12536.0,3,3,4
12538.0,3,1,2
12539.0,3,3,4
12540.0,4,4,4
12541.0,3,3,3
12544.0,1,1,2
12545.0,2,2,3
12546.0,3,2,3
12547.0,1,2,1
12548.0,1,1,1
12550.0,2,1,3
12551.0,1,1,1
12552.0,3,2,2
12553.0,4,4,4
12556.0,3,2,2
12557.0,4,3,4
12558.0,1,1,1
12559.0,1,2,2
12560.0,2,3,4
12561.0,2,1,1
12562.0,3,4,4
12564.0,1,1,2
12565.0,1,1,1
12566.0,2,1,2
12567.0,3,4,4
12569.0,4,4,4
12571.0,3,2,2
12572.0,3,2,3
12573.0,1,1,1
12574.0,1,1,1
12576.0,2,3,3
12577.0,1,3,2
12578.0,4,2,4
12579.0,2,1,2
12580.0,2,1,2
12581.0,3,1,1
12582.0,1,2,2
12583.0,4,4,4
12584.0,4,4,4
12585.0,1,2,4
12586.0,4,1,1
12587.0,1,1,1
12588.0,3,1,1
12589.0,3,2,2
12590.0,4,2,4
12591.0,1,1,2
12592.0,2,2,2
12593.0,2,3,2
12594.0,3,4,4
12596.0,3,2,2
12597.0,4,3,4
12598.0,4,4,4
12599.0,3,4,3
12600.0,3,4,4
12601.0,3,3,2
12602.0,4,1,1
12603.0,4,1,3
12604.0,2,2,1
12607.0,3,1,3
12609.0,2,3,3
12610.0,3,3,4
12611.0,3,1,3
12612.0,2,1,3
12613.0,3,3,4
12614.0,2,1,2
12615.0,2,3,4
12616.0,1,2,3
12617.0,3,1,2
12618.0,4,1,1
12619.0,4,4,4
12620.0,4,3,3
12621.0,4,4,4
12622.0,1,1,1
12623.0,2,1,1
12624.0,2,2,2
12625.0,4,2,4
12626.0,3,4,4
12627.0,4,4,4
12628.0,1,3,3
12630.0,4,2,3
12631.0,3,1,2
12633.0,4,3,4
12635.0,3,2,4
12637.0,2,4,4
12638.0,1,1,2
12639.0,1,1,2
12640.0,3,3,3
12641.0,2,1,1
12642.0,3,3,3
12643.0,3,4,4
12644.0,1,1,2
12645.0,2,3,4
12646.0,3,2,3
12647.0,3,4,4
12648.0,2,1,2
12649.0,3,3,2
12650.0,1,1,2
12651.0,2,1,1
12652.0,4,1,3
12653.0,2,2,4
12654.0,4,3,2
12656.0,4,3,4
12657.0,4,3,3
12658.0,4,1,3
12659.0,3,1,1
12660.0,4,1,1
12662.0,3,4,4
12664.0,4,4,4
12665.0,1,1,1
12667.0,4,1,2
12668.0,4,3,4
12669.0,4,3,4
12670.0,4,3,4
12672.0,1,1,1
12673.0,1,2,2
12674.0,2,3,4
12676.0,3,4,3
12678.0,3,4,4
12679.0,4,3,3
12680.0,3,3,3
12681.0,4,4,4
12682.0,4,4,4
12683.0,4,4,4
12684.0,3,4,4
12685.0,3,4,4
12686.0,1,1,1
12688.0,2,1,4
12689.0,3,2,3
12690.0,1,1,2
12691.0,4,4,3
12693.0,4,3,3
12694.0,2,2,3
12695.0,2,3,2
12697.0,3,3,3
12700.0,2,3,4
12701.0,3,2,3
12702.0,4,1,1
12703.0,2,1,1
12704.0,3,4,4
12705.0,4,4,4
12707.0,1,1,2
12708.0,3,4,4
12709.0,4,4,4
12710.0,1,3,3
12712.0,4,4,4
12713.0,2,1,3
12714.0,4,3,4
12715.0,2,1,2
12716.0,2,2,3
12717.0,3,2,3
12718.0,2,1,1
12719.0,1,2,2
12720.0,4,4,4
12721.0,2,4,4
12722.0,4,3,3
12723.0,4,3,3
12724.0,3,3,3
12725.0,1,1,2
12726.0,3,4,4
12727.0,4,4,4
12728.0,3,3,3
12729.0,2,1,2
12731.0,3,4,4
12732.0,1,1,1
12733.0,1,1,2
12734.0,1,1,1
12735.0,1,2,3
12736.0,3,1,1
12738.0,1,1,1
12739.0,2,2,3
12740.0,2,1,2
12743.0,2,2,2
12744.0,3,4,4
12747.0,3,4,4
12748.0,4,4,4
12749.0,3,3,4
12750.0,1,1,1
12752.0,2,1,4
12753.0,3,4,4
12754.0,2,3,4
12755.0,1,2,4
12756.0,2,1,1
12757.0,4,4,4
12758.0,2,2,4
12759.0,3,3,3
12762.0,3,2,4
12763.0,2,2,2
12764.0,1,1,4
12766.0,3,4,4
12769.0,1,1,3
12770.0,1,1,3
12772.0,3,1,3
12775.0,4,3,3
12778.0,4,4,3
12779.0,1,4,4
12781.0,2,2,3
12782.0,2,3,4
12783.0,3,4,4
12784.0,4,2,2
12785.0,1,1,2
12787.0,4,3,2
12789.0,1,1,1
12790.0,1,1,2
12791.0,1,1,1
12792.0,1,1,2
12793.0,2,2,2
12794.0,3,2,3
12795.0,4,1,2
12797.0,1,1,1
12798.0,4,3,4
12802.0,1,1,2
12808.0,2,3,2
12809.0,1,1,2
12811.0,1,3,2
12812.0,3,1,1
12814.0,2,1,1
12815.0,2,2,3
12816.0,1,2,2
12817.0,1,1,1
12818.0,1,1,3
12820.0,3,3,3
12821.0,2,1,1
12822.0,2,2,3
12823.0,2,3,4
12824.0,3,1,2
12826.0,3,4,3
12827.0,3,3,2
12828.0,2,4,3
12829.0,1,2,1
12830.0,2,4,4
12831.0,1,1,1
12832.0,2,2,2
12833.0,2,1,2
12834.0,1,1,2
12836.0,3,3,4
12837.0,1,1,1
12838.0,1,2,3
12839.0,4,4,4
12840.0,2,3,4
12841.0,4,4,4
12842.0,2,2,3
12843.0,2,4,4
12844.0,3,2,2
12845.0,1,3,2
12847.0,3,1,3
12849.0,2,2,3
12851.0,1,1,1
12852.0,1,1,2
12853.0,2,4,4
12854.0,4,3,3
12855.0,1,1,1
12856.0,4,4,4
12857.0,2,2,3
12863.0,3,1,2
12864.0,2,1,1
12865.0,3,2,3
12866.0,1,1,2
12867.0,3,4,4
12868.0,4,4,3
12871.0,2,2,2
12872.0,1,2,2
12873.0,1,1,2
12875.0,2,2,2
12876.0,3,2,4
12877.0,3,4,3
12878.0,1,2,3
12879.0,3,3,2
12881.0,2,1,1
12882.0,4,2,3
12883.0,3,3,3
12884.0,4,1,2
12885.0,2,3,3
12886.0,1,2,3
12888.0,2,2,2
12890.0,3,1,2
12891.0,2,3,2
12893.0,2,1,1
12895.0,3,2,2
12897.0,3,2,1
12901.0,4,4,4
12902.0,1,1,1
12904.0,4,2,2
12906.0,4,3,4
12908.0,1,2,3
12909.0,3,3,4
12910.0,4,4,4
12912.0,4,3,4
12913.0,4,4,4
12915.0,2,2,2
12916.0,2,3,4
12917.0,1,1,2
12919.0,4,4,3
12920.0,4,1,1
12921.0,4,4,4
12922.0,1,1,2
12923.0,1,1,1
12924.0,4,3,3
12925.0,2,2,3
12928.0,4,4,4
12929.0,1,1,1
12930.0,2,2,2
12931.0,4,4,4
12933.0,3,3,2
12935.0,3,4,4
12936.0,4,3,3
12937.0,4,3,3
12938.0,3,1,1
12939.0,3,4,4
12940.0,3,2,3
12942.0,2,3,3
12944.0,1,2,2
12945.0,1,1,2
12947.0,2,4,3
12948.0,4,4,4
12949.0,2,4,4
12950.0,3,3,4
12951.0,1,4,3
12952.0,3,3,3
12953.0,4,1,2
12955.0,4,4,4
12956.0,1,1,1
12957.0,4,4,4
12962.0,2,2,1
12963.0,4,4,4
12965.0,3,1,3
12966.0,4,1,1
12967.0,1,2,3
12968.0,2,1,1
12970.0,1,3,2
12971.0,4,4,4
12974.0,1,1,1
12976.0,4,1,3
12977.0,1,1,1
12980.0,4,4,4
12981.0,3,2,2
12982.0,3,1,2
12984.0,4,1,1
12985.0,3,2,3
12987.0,2,2,2
12988.0,1,1,2
12989.0,4,4,4
12990.0,2,3,2
12991.0,3,2,2
12993.0,3,3,2
12994.0,3,3,3
12995.0,2,1,1
12997.0,4,3,3
12999.0,2,3,2
13000.0,2,3,2
13001.0,3,4,4
13002.0,1,1,1
13003.0,3,3,1
13004.0,4,4,4
13005.0,2,2,2
13006.0,3,1,1
13008.0,1,1,1
13011.0,1,1,1
13012.0,4,4,4
13013.0,4,4,4
13014.0,4,4,4
13015.0,3,4,4
13016.0,2,3,3
13017.0,1,1,1
13018.0,4,4,4
13021.0,3,4,4
13023.0,1,2,3
13026.0,2,4,3
13027.0,2,4,4
13028.0,3,2,2
13029.0,2,3,3
13030.0,4,2,3
13032.0,3,2,3
13033.0,1,1,1
13034.0,3,2,2
13035.0,2,2,3
13037.0,2,3,3
13038.0,2,3,3
13040.0,1,2,3
13043.0,3,1,2
13044.0,1,1,2
13045.0,1,1,1
13046.0,2,2,2
13047.0,3,4,4
13048.0,4,3,4
13049.0,1,2,2
13050.0,4,4,4
13052.0,3,1,2
13055.0,2,3,3
13058.0,4,3,1
13059.0,1,1,1
13060.0,1,1,2
13061.0,2,1,1
13062.0,1,1,2
13064.0,4,3,3
13065.0,1,1,1
13066.0,3,2,2
13067.0,2,1,1
13068.0,4,2,2
13069.0,4,4,4
13070.0,1,1,1
13072.0,1,1,1
13075.0,1,1,3
13077.0,2,3,3
13078.0,4,4,4
13079.0,4,4,1
13080.0,1,1,1
13081.0,4,4,4
13082.0,1,4,4
13083.0,2,2,1
13085.0,1,2,2
13089.0,4,4,4
13090.0,4,4,4
13091.0,3,1,2
13092.0,4,4,2
13093.0,2,4,4
13094.0,4,4,4
13095.0,2,1,1
13097.0,2,4,4
13098.0,4,4,4
13099.0,1,1,1
13101.0,1,1,1
13102.0,3,4,4
13103.0,3,1,1
13104.0,3,4,3
13106.0,2,1,1
13107.0,3,3,3
13108.0,1,1,2
13109.0,3,2,3
13110.0,3,4,3
13113.0,4,4,4
13115.0,4,3,4
13116.0,2,1,2
13117.0,4,4,3
13118.0,4,4,3
13120.0,1,1,1
13121.0,1,1,1
13122.0,1,2,3
13124.0,3,3,4
13126.0,3,4,4
13127.0,2,1,1
13130.0,1,1,1
13131.0,3,3,3
13132.0,1,1,1
13133.0,3,2,1
13134.0,2,3,4
13135.0,1,1,4
13136.0,3,4,4
13137.0,4,4,4
13138.0,3,4,3
13139.0,4,4,4
13140.0,2,3,2
13141.0,2,4,4
13142.0,4,1,1
13144.0,3,1,1
13145.0,3,3,2
13146.0,3,1,1
13147.0,4,3,3
13148.0,3,4,4
13149.0,4,3,4
13151.0,1,1,3
13153.0,1,1,2
13155.0,2,3,3
13157.0,4,3,4
13158.0,4,3,3
13159.0,3,3,3
13160.0,3,1,1
13161.0,1,1,1
13162.0,2,3,4
13165.0,3,2,3
13166.0,1,1,2
13167.0,4,3,3
13168.0,1,3,3
13169.0,2,2,3
13170.0,3,1,1
13171.0,4,3,2
13173.0,1,2,2
13174.0,4,3,4
13176.0,3,1,2
13177.0,1,1,1
13178.0,3,4,4
13182.0,3,1,1
13183.0,2,4,4
13184.0,4,4,4
13185.0,1,1,1
13186.0,3,3,3
13187.0,1,1,1
13188.0,4,1,1
13189.0,4,2,1
13192.0,1,2,3
13193.0,2,1,1
13194.0,2,1,1
13196.0,4,3,4
13198.0,4,4,4
13199.0,4,4,4
13200.0,4,3,3
13203.0,4,3,3
13207.0,4,2,1
13208.0,4,4,3
13209.0,2,4,4
13210.0,2,1,2
13211.0,4,3,3
13212.0,4,3,3
13213.0,3,4,3
13216.0,1,1,2
13217.0,2,3,2
13218.0,1,1,1
13220.0,2,3,3
13221.0,1,2,3
13223.0,1,2,1
13224.0,3,2,4
13225.0,3,4,4
13226.0,3,1,1
13227.0,1,1,1
13228.0,2,1,2
13229.0,1,1,1
13230.0,3,4,4
13232.0,4,4,3
13233.0,2,2,2
13235.0,3,1,3
13236.0,3,2,3
13238.0,4,3,3
13239.0,1,1,2
13240.0,1,3,2
13242.0,2,3,1
13243.0,1,1,2
13244.0,2,1,1
13245.0,3,1,2
13246.0,4,4,4
13247.0,4,3,2
13248.0,2,2,2
13249.0,2,3,3
13253.0,1,2,3
13255.0,4,2,2
13258.0,4,3,3
13259.0,2,1,1
13260.0,2,1,2
13261.0,1,2,3
13262.0,1,1,1
13263.0,4,4,4
13265.0,4,4,4
13266.0,4,4,4
13267.0,4,4,4
13268.0,4,4,4
13269.0,4,4,4
13270.0,1,1,2
13271.0,1,1,1
13272.0,3,2,1
13273.0,2,1,1
13276.0,2,2,2
13277.0,4,3,1
13278.0,3,1,2
13279.0,2,1,1
13280.0,2,3,3
13282.0,4,3,3
13283.0,3,2,1
13284.0,1,1,1
13285.0,3,3,4
13291.0,2,1,2
13292.0,1,2,2
13294.0,1,2,3
13295.0,1,1,1
13296.0,2,1,1
13297.0,3,3,4
13298.0,2,1,2
13299.0,1,1,1
13300.0,1,1,2
13301.0,2,3,2
13302.0,2,1,1
13304.0,1,1,1
13305.0,4,4,4
13307.0,3,1,1
13308.0,3,3,3
13309.0,4,4,3
13310.0,3,3,3
13311.0,4,2,2
13313.0,3,4,3
13314.0,2,3,3
13316.0,2,3,4
13317.0,1,4,4
13318.0,2,3,2
13319.0,4,4,4
13320.0,2,3,3
13321.0,2,2,2
13322.0,4,1,1
13323.0,4,4,3
13324.0,3,4,4
13325.0,2,1,3
13327.0,2,4,4
13328.0,1,1,3
13329.0,2,2,3
13330.0,2,3,3
13332.0,4,1,2
13334.0,2,3,4
13336.0,2,1,3
13338.0,1,1,2
13339.0,1,1,3
13340.0,3,4,4
13341.0,1,1,3
13343.0,1,1,2
13344.0,2,3,4
13345.0,1,1,2
13347.0,2,1,2
13348.0,1,1,1
13349.0,4,1,1
13350.0,4,2,3
13351.0,1,1,2
13352.0,3,1,2
13354.0,2,1,3
13355.0,2,1,3
13356.0,2,1,3
13357.0,1,1,2
13358.0,1,1,2
13359.0,2,1,2
13362.0,4,3,4
13363.0,4,2,3
13364.0,2,1,1
13365.0,1,2,4
13366.0,3,1,1
13368.0,1,2,2
13369.0,1,1,2
13370.0,1,1,3
13372.0,3,1,2
13373.0,3,3,4
13375.0,4,1,3
13376.0,1,3,3
13379.0,3,3,2
13381.0,3,4,4
13382.0,1,1,1
13384.0,3,4,4
13385.0,1,1,2
13388.0,2,2,3
13389.0,4,3,3
13390.0,2,1,2
13391.0,1,1,1
13394.0,3,4,4
13395.0,2,1,2
13396.0,3,2,3
13397.0,2,4,3
13398.0,1,1,2
13402.0,1,2,2
13403.0,4,1,1
13404.0,3,2,1
13405.0,2,3,2
13408.0,4,4,4
13410.0,3,4,3
13411.0,2,1,1
13414.0,2,3,3
13416.0,3,2,3
13417.0,1,2,2
13418.0,4,4,4
13419.0,2,1,1
13420.0,2,2,1
13421.0,3,2,4
13422.0,1,1,4
13425.0,2,3,3
13426.0,4,4,4
13427.0,4,3,2
13428.0,4,1,1
13429.0,4,3,3
13430.0,4,2,3
13431.0,4,2,3
13434.0,2,2,2
13435.0,3,4,4
13436.0,2,1,1
13437.0,4,4,4
13439.0,1,1,1
13441.0,2,1,1
13447.0,3,3,3
13448.0,4,4,4
13449.0,3,1,1
13450.0,3,4,4
13451.0,4,4,4
13452.0,1,2,2
13453.0,1,2,2
13455.0,3,2,3
13456.0,4,4,4
13458.0,4,4,4
13460.0,3,2,1
13461.0,2,3,3
13462.0,1,1,1
13464.0,4,1,3
13466.0,2,1,2
13467.0,4,2,3
13468.0,4,4,4
13470.0,2,2,1
13471.0,4,3,4
13473.0,3,2,2
13474.0,1,1,1
13475.0,1,3,3
13476.0,1,2,3
13477.0,4,4,3
13479.0,1,2,1
13481.0,3,4,4
13482.0,1,1,1
13483.0,1,1,1
13484.0,4,1,2
13485.0,1,1,2
13486.0,2,3,3
13487.0,3,3,2
13488.0,4,4,4
13489.0,2,3,2
13491.0,3,4,3
13492.0,2,3,3
13493.0,2,2,2
13494.0,1,1,2
13495.0,1,4,4
13496.0,4,2,2
13497.0,1,2,2
13499.0,4,4,3
13500.0,3,3,3
13501.0,1,1,3
13502.0,4,3,1
13503.0,2,1,1
13504.0,1,1,1
13505.0,2,3,4
13506.0,1,2,2
13507.0,2,3,4
13508.0,2,1,1
13509.0,3,4,3
13510.0,3,3,4
13512.0,1,1,1
13513.0,1,1,1
13514.0,2,1,1
13515.0,2,3,3
13516.0,4,3,3
13517.0,3,3,4
13518.0,2,1,2
13519.0,2,1,1
13520.0,4,4,4
13521.0,4,3,3
13522.0,2,1,1
13523.0,3,4,4
13524.0,3,4,3
13525.0,4,2,2
13527.0,3,4,4
13529.0,2,2,2
13531.0,1,2,2
13532.0,1,1,1
13533.0,2,3,1
13534.0,3,4,4
13536.0,4,4,4
13538.0,3,4,3
13539.0,2,3,2
13544.0,3,2,1
13546.0,4,3,2
13548.0,2,2,3
13549.0,4,4,3
13551.0,1,1,1
13552.0,2,4,4
13555.0,2,3,4
13557.0,3,2,2
13558.0,3,3,2
13560.0,1,1,1
13561.0,2,1,1
13562.0,2,3,4
13563.0,2,2,3
13564.0,2,3,4
13565.0,4,2,1
13566.0,3,2,3
13568.0,1,1,1
13569.0,4,2,2
13570.0,2,1,1
13571.0,4,4,4
13572.0,1,1,3
13573.0,3,2,1
13575.0,4,4,3
13576.0,4,4,4
13577.0,4,3,4
13579.0,4,2,2
13581.0,1,1,1
13583.0,2,1,3
13584.0,1,1,1
13587.0,2,1,3
13588.0,4,4,4
13589.0,4,2,2
13590.0,4,4,4
13591.0,1,3,3
13592.0,2,3,1
13593.0,2,4,4
13594.0,3,1,2
13596.0,4,2,3
13598.0,3,1,1
13599.0,4,4,4
13600.0,1,1,1
13601.0,4,2,3
13602.0,1,1,2
13603.0,3,1,1
13606.0,3,3,1
13607.0,3,1,3
13610.0,4,4,3
13611.0,3,3,3
13614.0,3,3,3
13615.0,1,1,2
13617.0,4,3,2
13618.0,1,1,1
13621.0,2,1,1
13623.0,2,4,3
13626.0,1,1,1
13627.0,3,4,3
13629.0,3,4,4
13630.0,2,4,4
13631.0,2,4,4
13632.0,3,4,4
13634.0,3,4,3
13635.0,1,1,3
13636.0,2,4,3
13637.0,3,3,3
13638.0,4,1,1
13639.0,2,1,3
13642.0,2,1,2
13643.0,2,3,2
13644.0,4,3,4
13645.0,3,1,1
13647.0,4,3,4
13649.0,1,2,2
13650.0,4,4,4
13651.0,3,2,1
13652.0,3,3,3
13654.0,3,4,4
13655.0,4,2,3
13656.0,1,2,2
13657.0,4,2,2
13658.0,4,4,4
13659.0,1,2,3
13662.0,3,3,3
13663.0,1,1,1
13666.0,3,3,1
13667.0,2,1,1
13668.0,4,4,4
13669.0,3,2,1
13670.0,2,1,2
13672.0,3,2,1
13673.0,4,2,2
13675.0,3,2,2
13678.0,3,1,1
13680.0,3,3,4
13681.0,4,3,3
13682.0,1,1,1
13684.0,1,1,1
13685.0,3,4,4
13686.0,2,1,1
13689.0,2,1,3
13690.0,3,1,1
13692.0,3,3,3
13694.0,3,4,4
13695.0,4,4,4
13697.0,1,1,1
13699.0,2,1,2
13700.0,4,4,4
13703.0,1,1,1
13704.0,4,4,4
13705.0,2,3,3
13706.0,2,1,2
13707.0,1,2,3
13708.0,1,1,1
13709.0,3,4,4
13710.0,2,1,1
13711.0,1,2,1
13712.0,2,1,1
13715.0,1,4,3
13716.0,1,1,1
13717.0,3,4,3
13718.0,2,2,1
13719.0,4,4,3
13720.0,2,3,3
13721.0,1,1,2
13722.0,2,3,4
13723.0,1,1,1
13725.0,3,4,4
13726.0,2,2,3
13727.0,3,2,2
13728.0,2,4,3
13730.0,2,2,3
13731.0,2,2,2
13732.0,3,1,2
13735.0,3,3,4
13736.0,1,2,3
13737.0,1,1,2
13739.0,4,1,1
13740.0,1,1,2
13741.0,2,3,2
13742.0,4,4,4
13743.0,4,4,3
13744.0,1,2,3
13745.0,1,1,1
13747.0,1,1,1
13748.0,2,4,3
13750.0,3,4,3
13751.0,1,1,1
13752.0,2,4,3
13753.0,1,1,3
13754.0,3,2,1
13755.0,4,4,4
13756.0,3,4,4
13758.0,4,4,4
13759.0,2,2,2
13760.0,3,2,1
13761.0,3,2,3
13762.0,1,1,1
13763.0,2,1,4
13764.0,2,3,3
13767.0,3,4,4
13769.0,2,4,4
13771.0,1,3,4
13772.0,1,3,3
13774.0,2,1,2
13777.0,3,4,4
13778.0,2,1,1
13780.0,1,2,2
13781.0,1,1,1
13782.0,4,4,3
13784.0,4,4,4
13786.0,1,1,1
13787.0,2,2,2
13790.0,1,1,2
13791.0,1,2,3
13792.0,1,2,1
13798.0,4,4,4
13799.0,2,2,3
13800.0,1,1,2
13801.0,1,1,2
13802.0,2,3,4
13803.0,1,1,1
13804.0,2,4,4
13805.0,3,2,3
13806.0,2,1,1
13807.0,1,1,1
13808.0,3,4,4
13809.0,2,1,1
13810.0,3,3,3
13811.0,2,3,3
13812.0,3,3,2
13813.0,3,3,3
13814.0,2,2,3
13815.0,3,3,4
13816.0,3,2,2
13817.0,3,2,2
13819.0,3,3,3
13821.0,2,2,2
13822.0,3,2,2
13823.0,4,2,3
13824.0,4,4,4
13826.0,1,1,1
13827.0,3,3,2
13828.0,3,1,1
13831.0,4,4,4
13832.0,4,1,1
13833.0,1,1,2
13835.0,3,3,3
13837.0,4,2,1
13838.0,2,3,3
13841.0,1,1,1
13842.0,4,4,4
13844.0,4,1,2
13845.0,1,1,2
13846.0,3,3,3
13848.0,2,3,3
13849.0,3,2,3
13850.0,1,1,3
13851.0,1,3,4
13853.0,3,1,3
13854.0,4,4,4
13856.0,2,3,2
13858.0,3,1,1
13859.0,1,1,1
13860.0,4,4,3
13862.0,4,4,4
13863.0,1,1,1
13865.0,4,3,2
13866.0,2,1,1
13867.0,2,3,3
13868.0,1,2,4
13869.0,2,3,4
13870.0,3,4,4
13871.0,3,4,4
13873.0,4,3,2
13874.0,1,1,2
13875.0,3,4,4
13876.0,2,1,1
13877.0,2,1,1
13878.0,3,1,3
13880.0,4,4,4
13881.0,4,4,4
13882.0,4,4,3
13883.0,4,4,4
13884.0,3,4,3
13885.0,1,2,2
13886.0,2,1,1
13887.0,1,1,2
13888.0,4,2,2
13889.0,2,1,2
13890.0,3,4,4
13892.0,3,3,2
13893.0,1,1,3
13894.0,3,3,2
13895.0,3,3,4
13897.0,3,1,2
13898.0,1,1,1
13899.0,4,2,2
13900.0,2,3,3
13901.0,2,4,4
13904.0,1,2,2
13908.0,2,3,4
13911.0,3,4,4
13914.0,4,2,2
13917.0,3,2,1
13918.0,3,2,3
13919.0,3,2,2
13922.0,1,1,1
13923.0,3,1,2
13924.0,4,4,4
13925.0,2,3,3
13926.0,3,1,1
13927.0,2,1,2
13928.0,4,3,2
13929.0,1,2,3
13930.0,3,2,2
13931.0,1,2,3
13932.0,1,1,1
13933.0,2,2,2
13934.0,1,1,3
13936.0,1,1,2
13937.0,1,1,1
13938.0,1,1,1
13939.0,3,3,2
13940.0,4,3,3
13941.0,4,4,4
13946.0,2,3,2
13947.0,1,1,1
13948.0,1,1,1
13949.0,3,4,4
13950.0,4,3,3
13951.0,1,3,2
13952.0,1,2,4
13953.0,3,4,4
13954.0,2,2,2
13955.0,2,2,2
13956.0,3,4,3
13959.0,2,3,2
13960.0,4,2,1
13962.0,4,2,1
13963.0,1,3,2
13967.0,2,1,1
13969.0,4,4,4
13971.0,4,4,4
13972.0,2,2,1
13973.0,1,1,1
13974.0,3,1,2
13975.0,2,4,4
13976.0,1,1,2
13978.0,4,2,1
13979.0,2,1,3
13980.0,3,1,1
13982.0,3,3,4
13983.0,4,4,4
13984.0,3,4,3
13985.0,4,4,4
13986.0,4,1,2
13988.0,4,4,4
13989.0,1,2,3
13990.0,2,1,2
13991.0,4,4,3
13992.0,2,1,1
13993.0,3,4,4
13994.0,3,4,4
13995.0,4,4,3
13999.0,4,4,4
14000.0,4,1,2
14001.0,3,3,4
14002.0,2,2,2
14004.0,3,4,4
14005.0,4,4,4
14006.0,4,3,3
14009.0,1,2,3
14012.0,2,1,2
14013.0,2,3,2
14014.0,2,1,2
14015.0,3,1,3
14016.0,1,3,4
14019.0,3,3,3
14020.0,4,2,2
14021.0,4,3,2
14022.0,1,1,2
14023.0,1,2,2
14024.0,2,2,2
14027.0,2,1,1
14029.0,2,2,2
14030.0,4,4,4
14031.0,4,4,4
14032.0,4,4,4
14034.0,3,3,2
14035.0,3,4,3
14036.0,1,1,2
14037.0,1,2,1
14038.0,2,3,3
14039.0,1,1,1
14040.0,4,4,4
14041.0,1,1,1
14044.0,3,3,2
14045.0,2,3,3
14046.0,1,1,1
14047.0,2,4,3
14048.0,2,1,2
14049.0,4,3,4
14050.0,2,2,3
14051.0,4,4,4
14052.0,4,1,1
14053.0,2,2,1
14054.0,1,1,1
14055.0,2,1,3
14056.0,4,4,4
14057.0,3,4,4
14059.0,1,1,1
14060.0,3,4,4
14062.0,4,4,4
14064.0,4,4,3
14066.0,1,1,1
14067.0,2,2,2
14068.0,1,1,1
14071.0,4,4,3
14073.0,2,1,1
14075.0,4,3,3
14076.0,1,1,1
14077.0,3,4,2
14078.0,2,4,3
14079.0,2,1,2
14080.0,2,1,1
14081.0,2,2,3
14082.0,1,1,1
14083.0,3,4,3
14085.0,4,4,4
14087.0,2,1,1
14088.0,4,4,4
14089.0,3,1,1
14090.0,1,1,1
14092.0,3,4,4
14093.0,4,1,2
14096.0,4,4,4
14098.0,1,1,1
14099.0,4,4,4
14100.0,2,1,1
14101.0,2,4,4
14102.0,4,4,3
14104.0,2,2,1
14105.0,1,1,3
14107.0,3,4,4
14108.0,2,2,2
14109.0,2,1,1
14110.0,4,4,4
14111.0,4,3,3
14112.0,3,4,4
14113.0,3,3,4
14114.0,3,2,2
14116.0,4,4,3
14117.0,2,1,1
14121.0,4,3,4
14124.0,2,1,2
14125.0,4,3,4
14126.0,4,3,3
14127.0,2,3,3
14128.0,2,2,2
14129.0,4,4,3
14130.0,1,1,2
14132.0,4,4,4
14133.0,1,3,2
14135.0,3,4,4
14138.0,2,2,3
14139.0,3,1,2
14140.0,2,2,3
14141.0,3,3,3
14142.0,1,1,2
14143.0,2,1,1
14145.0,3,3,4
14146.0,2,4,4
14147.0,2,2,2
14148.0,1,1,1
14149.0,1,1,2
14150.0,1,2,2
14152.0,2,2,2
14154.0,1,2,3
14155.0,1,1,1
14156.0,4,4,4
14157.0,4,2,2
14158.0,3,1,2
14159.0,4,4,4
14161.0,2,3,3
14162.0,1,2,1
14163.0,2,3,4
14164.0,2,2,3
14165.0,2,1,1
14167.0,4,3,2
14171.0,1,1,2
14173.0,4,3,2
14174.0,1,1,1
14175.0,3,3,4
14176.0,1,3,2
14177.0,2,3,2
14178.0,3,4,3
14179.0,3,2,3
14180.0,4,4,4
14184.0,1,1,2
14185.0,4,1,1
14188.0,2,4,4
14189.0,4,4,4
14191.0,4,4,4
14193.0,1,2,3
14194.0,4,4,4
14195.0,1,2,3
14196.0,2,1,2
14198.0,4,3,3
14199.0,1,1,1
14201.0,2,4,3
14204.0,2,1,1
14205.0,4,2,2
14206.0,1,1,2
14208.0,1,1,1
14209.0,4,4,4
14210.0,2,4,4
14211.0,3,4,4
14212.0,3,1,3
14214.0,3,4,3
14215.0,4,4,4
14216.0,4,3,4
14217.0,4,4,4
14218.0,3,1,1
14219.0,1,1,1
14220.0,1,2,2
14221.0,3,4,4
14222.0,1,1,3
14223.0,2,3,3
14224.0,2,3,3
14226.0,3,4,4
14227.0,3,4,4
14229.0,3,3,3
14231.0,2,3,3
14232.0,3,4,4
14233.0,4,3,3
14234.0,3,3,3
14235.0,2,4,4
14236.0,2,2,2
14237.0,1,1,1
14238.0,1,1,1
14239.0,3,4,4
14240.0,2,2,3
14241.0,2,1,1
14242.0,1,2,1
14243.0,2,4,4
14245.0,1,2,4
14246.0,2,3,3
14247.0,1,1,1
14248.0,1,1,1
14250.0,3,3,4
14251.0,4,4,4
14256.0,1,2,3
14257.0,2,4,4
14258.0,4,4,4
14259.0,2,1,1
14261.0,3,2,3
14262.0,4,4,4
14264.0,2,2,2
14265.0,2,2,2
14267.0,1,3,3
14270.0,4,1,2
14271.0,1,1,1
14272.0,2,2,2
14273.0,3,3,2
14276.0,4,3,3
14277.0,4,3,4
14280.0,1,1,1
14282.0,4,4,4
14284.0,2,2,2
14285.0,4,3,4
14286.0,3,3,4
14287.0,1,3,1
14288.0,2,1,2
14289.0,4,4,3
14290.0,4,4,4
14291.0,3,4,4
14292.0,4,4,4
14293.0,2,3,3
14295.0,3,1,1
14297.0,4,3,3
14298.0,3,4,4
14299.0,4,4,4
14300.0,4,1,1
14301.0,2,1,2
14304.0,1,1,2
14305.0,2,3,4
14306.0,3,2,4
14307.0,4,4,4
14309.0,3,4,4
14311.0,3,1,2
14312.0,3,4,3
14314.0,2,1,1
14315.0,3,4,4
14317.0,1,1,2
14320.0,3,2,2
14321.0,4,4,3
14323.0,2,2,2
14326.0,3,1,1
14327.0,1,1,2
14329.0,4,4,4
14331.0,2,2,2
14332.0,3,3,3
14333.0,1,1,2
14334.0,4,4,4
14335.0,4,2,2
14336.0,4,3,3
14338.0,1,2,2
14339.0,3,1,2
14340.0,1,1,1
14341.0,3,4,4
14342.0,4,3,2
14344.0,2,4,3
14345.0,1,1,1
14346.0,3,2,3
14348.0,1,1,2
14349.0,4,1,1
14350.0,2,1,1
14351.0,1,1,1
14352.0,3,3,3
14353.0,2,1,1
14354.0,2,2,1
14355.0,1,1,1
14356.0,2,2,3
14357.0,3,1,1
14359.0,4,3,3
14360.0,2,3,4
14362.0,3,1,1
14364.0,4,4,4
14367.0,4,4,4
14368.0,1,1,1
14371.0,1,1,1
14373.0,1,1,1
14375.0,2,1,1
14377.0,1,2,2
14379.0,3,2,2
14381.0,3,1,1
14382.0,3,1,2
14383.0,1,3,3
14385.0,4,3,1
14386.0,1,1,1
14387.0,2,3,4
14388.0,4,4,4
14389.0,1,2,3
14390.0,4,4,4
14393.0,1,1,1
14395.0,2,4,4
14396.0,1,2,2
14397.0,4,4,4
14400.0,2,1,2
14401.0,2,4,4
14403.0,2,3,3
14404.0,2,4,3
14406.0,4,1,1
14407.0,2,4,4
14408.0,4,4,4
14409.0,2,4,4
14410.0,2,4,3
14411.0,1,1,3
14412.0,3,2,3
14413.0,1,1,1
14414.0,2,4,3
14415.0,4,4,4
14416.0,3,2,2
14418.0,3,3,4
14419.0,4,4,3
14420.0,1,1,2
14421.0,4,2,3
14422.0,4,4,4
14423.0,1,1,1
14424.0,4,1,2
14426.0,3,4,4
14427.0,3,2,2
14428.0,2,4,3
14431.0,2,1,2
14432.0,4,4,4
14434.0,4,4,3
14436.0,1,1,1
14437.0,1,1,1
14438.0,1,1,1
14439.0,1,1,4
14440.0,3,4,4
14441.0,3,3,4
14442.0,1,2,3
14443.0,3,3,3
14446.0,3,3,3
14447.0,4,4,3
14448.0,4,2,2
14449.0,4,3,3
14450.0,4,3,2
14451.0,2,2,2
14452.0,4,2,1
14453.0,1,1,1
14456.0,3,4,4
14457.0,1,1,1
14459.0,2,1,4
14460.0,2,3,2
14461.0,2,3,4
14462.0,3,4,4
14463.0,1,3,2
14465.0,2,3,3
14466.0,3,4,4
14467.0,4,3,2
14470.0,4,2,2
14472.0,2,4,4
14473.0,2,2,1
14474.0,3,1,2
14475.0,2,3,3
14476.0,1,1,1
14477.0,4,3,3
14479.0,1,2,2
14480.0,4,1,1
14481.0,1,2,2
14482.0,4,4,4
14483.0,1,1,1
14484.0,3,1,2
14485.0,1,1,1
14487.0,3,4,3
14488.0,1,1,3
14489.0,1,1,2
14491.0,1,2,2
14493.0,4,4,4
14494.0,3,1,1
14495.0,3,2,1
14496.0,1,2,2
14497.0,1,1,2
14498.0,3,4,4
14499.0,3,3,3
14500.0,4,3,2
14501.0,2,2,1
14502.0,4,4,4
14503.0,4,4,4
14504.0,3,3,2
14505.0,4,4,4
14506.0,4,4,4
14507.0,3,4,3
14508.0,3,2,1
14511.0,4,4,3
14512.0,1,2,1
14513.0,2,3,2
14514.0,4,3,3
14515.0,4,4,4
14517.0,2,2,2
14518.0,1,1,1
14520.0,2,2,1
14522.0,3,3,3
14523.0,2,1,1
14524.0,2,4,4
14525.0,4,4,4
14527.0,4,4,4
14528.0,1,1,2
14529.0,2,3,2
14530.0,3,4,4
14532.0,1,3,3
14533.0,3,4,4
14534.0,4,4,4
14535.0,2,3,4
14536.0,1,1,1
14537.0,3,1,2
14538.0,1,2,2
14539.0,4,2,2
14540.0,4,3,3
14541.0,4,4,3
14542.0,2,1,1
14543.0,3,4,4
14544.0,3,2,4
14546.0,3,4,4
14547.0,4,4,4
14548.0,4,2,2
14549.0,1,1,1
14550.0,4,2,3
14551.0,4,2,1
14552.0,3,1,1
14553.0,4,4,3
14554.0,4,3,4
14555.0,3,2,2
14557.0,2,1,3
14560.0,4,4,4
14561.0,2,3,3
14562.0,4,4,4
14565.0,2,3,4
14566.0,2,1,3
14567.0,3,2,3
14569.0,2,1,1
14570.0,1,2,1
14572.0,3,4,4
14573.0,3,4,3
14576.0,1,1,1
14577.0,4,3,3
14578.0,1,1,1
14581.0,4,1,1
14582.0,3,1,1
14583.0,2,4,3
14584.0,2,3,3
14585.0,3,1,1
14586.0,2,1,1
14587.0,4,4,3
14589.0,1,1,1
14591.0,4,3,3
14592.0,3,3,2
14593.0,4,3,2
14594.0,1,2,2
14595.0,4,4,4
14597.0,4,2,3
14598.0,3,1,1
14600.0,2,1,2
14601.0,4,1,1
14603.0,2,1,2
14606.0,4,4,4
14607.0,4,4,4
14608.0,3,3,4
14609.0,2,3,2
14616.0,3,3,2
14618.0,4,3,2
14619.0,2,1,2
14620.0,1,2,2
14621.0,2,4,4
14622.0,2,1,2
14623.0,3,4,3
14624.0,3,2,1
14625.0,1,2,3
14626.0,3,3,4
14628.0,3,2,2
14629.0,3,2,3
14631.0,3,3,3
14632.0,1,1,1
14633.0,1,1,2
14636.0,1,2,2
14638.0,3,1,2
14639.0,3,4,4
14640.0,3,4,4
14641.0,4,1,1
14642.0,4,1,1
14643.0,1,2,3
14644.0,1,2,3
14645.0,2,2,2
14646.0,4,4,4
14647.0,1,1,1
14649.0,3,3,3
14651.0,4,2,2
14652.0,2,1,1
14653.0,4,4,4
14655.0,3,3,4
14656.0,1,2,1
14657.0,4,3,3
14658.0,2,2,1
14659.0,2,4,4
14660.0,2,2,1
14661.0,3,1,1
14662.0,3,3,3
14664.0,4,2,2
14665.0,3,4,4
14666.0,3,1,1
14667.0,4,4,4
14669.0,4,3,3
14670.0,1,2,2
14672.0,1,2,3
14673.0,4,4,4
14675.0,4,1,2
14676.0,2,4,4
14680.0,3,4,4
14681.0,4,3,2
14682.0,1,2,1
14684.0,3,4,3
14687.0,2,1,2
14688.0,4,4,4
14689.0,1,1,1
14690.0,3,2,2
14691.0,3,4,4
14692.0,2,3,2
14693.0,1,1,1
14696.0,4,4,4
14697.0,1,2,1
14698.0,4,4,3
14699.0,2,1,1
14700.0,2,3,4
14701.0,4,4,4
14702.0,4,4,4
14703.0,4,1,2
14704.0,4,4,3
14705.0,1,1,1
14708.0,2,3,3
14709.0,4,4,4
14710.0,4,3,2
14711.0,4,4,4
14712.0,3,3,3
14713.0,4,4,4
14714.0,3,1,1
14715.0,4,3,3
14716.0,3,2,2
14719.0,4,4,3
14720.0,3,3,2
14722.0,2,1,1
14723.0,4,4,3
14725.0,3,1,3
14727.0,2,1,1
14729.0,1,1,2
14730.0,2,4,4
14731.0,3,3,2
14732.0,4,4,4
14733.0,4,4,4
14735.0,4,4,4
14737.0,1,3,3
14738.0,4,4,3
14739.0,4,4,4
14740.0,1,3,3
14741.0,4,4,3
14744.0,4,4,3
14745.0,2,4,3
14747.0,1,1,2
14748.0,3,4,3
14752.0,3,1,2
14753.0,2,1,2
14754.0,3,2,2
14755.0,4,4,4
14756.0,4,1,3
14757.0,2,1,2
14758.0,2,3,3
14759.0,2,3,3
14760.0,1,1,1
14761.0,4,2,1
14762.0,1,1,1
14764.0,3,1,1
14765.0,3,3,1
14766.0,2,4,4
14768.0,4,2,1
14769.0,2,4,4
14770.0,1,2,3
14772.0,2,1,1
14775.0,4,3,3
14776.0,3,4,4
14778.0,1,2,3
14779.0,1,3,2
14780.0,3,2,2
14782.0,1,1,1
14784.0,3,2,1
14785.0,4,2,1
14788.0,3,2,3
14789.0,3,1,1
14790.0,4,3,3
14792.0,2,1,1
14793.0,4,1,1
14794.0,4,4,3
14795.0,1,1,1
14796.0,3,4,4
14798.0,3,3,1
14799.0,3,1,1
14800.0,3,4,4
14801.0,2,1,1
14803.0,2,3,3
14804.0,1,1,2
14805.0,4,3,2
14806.0,2,1,1
14808.0,3,4,4
14810.0,3,4,4
14813.0,1,2,1
14815.0,1,2,3
14816.0,1,1,1
14817.0,2,2,3
14818.0,2,3,2
14819.0,1,2,1
14820.0,4,3,2
14821.0,1,1,1
14823.0,4,3,2
14824.0,4,3,3
14825.0,4,4,4
14828.0,1,3,4
14829.0,3,3,3
14830.0,3,1,1
14834.0,4,4,4
14836.0,4,3,1
14837.0,3,3,3
14840.0,1,1,1
14841.0,3,4,4
14842.0,3,3,4
14844.0,4,3,4
14847.0,2,1,2
14849.0,4,4,4
14850.0,1,1,2
14851.0,3,2,2
14852.0,4,4,4
14853.0,4,2,2
14854.0,2,4,4
14855.0,4,2,2
14856.0,3,3,3
14857.0,3,2,3
14859.0,4,3,3
14860.0,4,1,1
14861.0,3,1,1
14862.0,3,2,3
14863.0,3,1,1
14865.0,1,2,1
14866.0,4,4,4
14867.0,2,3,3
14868.0,4,4,4
14869.0,2,2,3
14870.0,1,1,2
14871.0,1,3,2
14873.0,1,1,2
14875.0,2,2,3
14878.0,4,4,3
14880.0,2,3,3
14881.0,4,1,1
14882.0,3,2,2
14883.0,4,4,3
14885.0,2,1,3
14886.0,1,1,2
14887.0,2,1,4
14888.0,1,1,2
14889.0,1,1,1
14890.0,1,1,1
14891.0,2,2,2
14893.0,4,2,3
14894.0,2,1,2
14895.0,3,4,4
14896.0,1,2,2
14897.0,4,3,3
14898.0,3,4,3
14901.0,4,4,3
14902.0,3,1,2
14903.0,4,4,4
14904.0,3,2,3
14905.0,1,2,2
14907.0,3,4,4
14908.0,2,1,1
14910.0,3,3,2
14911.0,4,4,4
14912.0,4,2,3
14913.0,3,3,3
14915.0,2,2,2
14916.0,2,3,3
14918.0,2,2,3
14920.0,3,2,3
14921.0,2,2,3
14923.0,3,1,3
14924.0,2,1,2
14929.0,2,1,1
14930.0,2,3,4
14931.0,3,4,3
14932.0,1,1,2
14934.0,2,2,4
14935.0,1,1,4
14936.0,2,4,4
14937.0,3,3,3
14944.0,3,4,4
14946.0,4,1,1
14947.0,2,2,1
14948.0,3,4,3
14950.0,4,1,2
14951.0,2,1,2
14952.0,4,4,4
14953.0,3,1,1
14954.0,4,1,2
14957.0,1,1,1
14958.0,2,3,2
14959.0,2,3,3
14960.0,1,2,1
14961.0,4,4,4
14962.0,1,1,1
14963.0,4,4,3
14964.0,1,1,1
14965.0,1,2,2
14966.0,4,1,1
14967.0,3,1,2
14968.0,2,1,1
14970.0,2,3,3
14971.0,3,3,3
14972.0,1,1,1
14973.0,2,3,3
14974.0,1,1,1
14975.0,3,1,1
14976.0,3,4,3
14978.0,2,4,4
14981.0,2,1,1
14984.0,4,2,1
14985.0,1,2,1
14987.0,4,2,2
14988.0,4,1,2
14995.0,1,2,1
14997.0,4,3,2
14998.0,4,2,2
15000.0,3,1,2
15002.0,2,3,3
15004.0,2,1,3
15005.0,4,4,4
15006.0,3,1,2
15007.0,1,1,1
15009.0,4,3,3
15010.0,1,1,2
15012.0,3,2,2
15014.0,3,2,1
15016.0,1,1,1
15017.0,1,1,1
15018.0,1,3,2
15019.0,1,1,1
15021.0,3,4,4
15022.0,4,3,3
15023.0,3,4,4
15024.0,4,4,3
15025.0,1,1,2
15026.0,2,3,2
15027.0,2,3,3
15028.0,3,3,2
15030.0,2,2,2
15031.0,2,3,2
15032.0,1,3,4
15033.0,3,4,4
15034.0,4,4,4
15035.0,3,1,1
15036.0,2,3,2
15038.0,4,4,3
15039.0,4,4,4
15041.0,1,1,1
15042.0,1,1,1
15043.0,2,1,2
15044.0,4,4,4
15045.0,3,2,3
15046.0,4,4,4
15047.0,1,1,2
15048.0,2,3,2
15049.0,3,1,1
15050.0,3,3,4
15051.0,4,3,3
15052.0,1,1,1
15053.0,1,3,3
15054.0,4,2,1
15057.0,2,2,3
15058.0,3,4,4
15059.0,3,4,3
15060.0,4,3,1
15061.0,4,4,4
15062.0,2,3,3
15063.0,2,1,2
15065.0,1,3,4
15066.0,3,1,3
15067.0,2,3,4
15068.0,3,2,2
15069.0,1,1,3
15070.0,1,1,1
15071.0,2,2,3
15073.0,4,3,3
15074.0,2,1,3
15075.0,2,1,3
15076.0,1,1,3
15078.0,4,4,4
15079.0,3,3,3
15081.0,3,4,2
15083.0,1,1,1
15087.0,1,1,1
15088.0,4,2,3
15089.0,4,4,4
15090.0,1,1,2
15091.0,1,1,2
15092.0,2,2,2
15093.0,4,4,4
15095.0,2,3,3
15096.0,3,1,1
15097.0,1,1,1
15098.0,2,3,4
15099.0,2,1,2
15100.0,2,3,3
15101.0,1,2,2
15103.0,2,2,3
15104.0,1,2,3
15105.0,4,4,4
15106.0,4,4,3
15107.0,3,4,2
15108.0,2,3,3
15109.0,2,1,2
15110.0,3,3,3
15111.0,3,3,3
15113.0,4,3,4
15114.0,3,4,4
15115.0,4,1,2
15116.0,4,3,3
15117.0,4,4,3
15118.0,2,1,1
15119.0,2,1,1
15120.0,2,1,2
15121.0,3,2,2
15122.0,2,3,3
15123.0,1,2,4
15124.0,3,2,1
15125.0,3,4,4
15127.0,1,1,2
15128.0,2,3,3
15129.0,3,4,4
15130.0,1,1,2
15132.0,4,4,3
15133.0,3,3,3
15134.0,4,4,3
15135.0,1,1,1
15136.0,3,3,3
15139.0,1,2,1
15140.0,3,4,4
15142.0,3,1,2
15143.0,1,1,1
15144.0,4,4,4
15145.0,3,3,3
15146.0,1,2,3
15147.0,1,1,2
15148.0,4,1,1
15149.0,2,1,2
15150.0,4,4,4
15152.0,4,4,4
15153.0,2,1,2
15154.0,2,1,1
15156.0,2,3,3
15157.0,2,3,4
15158.0,3,1,2
15159.0,4,4,4
15160.0,1,1,1
15163.0,4,2,1
15164.0,1,3,3
15165.0,1,1,2
15167.0,1,1,1
15168.0,3,1,1
15171.0,4,1,3
15172.0,2,4,3
15174.0,1,1,1
15175.0,2,1,1
15178.0,1,1,1
15179.0,4,4,4
15180.0,1,1,1
15181.0,1,3,3
15182.0,2,2,2
15184.0,3,2,2
15185.0,2,1,2
15186.0,4,2,2
15187.0,4,4,4
15189.0,4,4,4
15192.0,4,3,3
15193.0,2,1,2
15194.0,2,4,4
15195.0,2,1,4
15197.0,4,3,3
15198.0,2,2,1
15199.0,3,3,3
15201.0,2,4,3
15203.0,3,4,4
15204.0,1,1,2
15205.0,2,2,2
15206.0,4,3,2
15208.0,2,4,3
15210.0,1,1,2
15211.0,2,2,3
15212.0,4,1,1
15213.0,1,2,2
15214.0,4,4,3
15215.0,3,3,3
15216.0,2,1,1
15218.0,4,4,4
15219.0,1,1,1
15220.0,3,4,4
15221.0,1,1,2
15222.0,1,1,2
15223.0,1,2,3
15224.0,1,2,2
15225.0,1,1,2
15226.0,1,1,1
15227.0,2,4,3
15228.0,1,3,4
15230.0,1,2,2
15232.0,2,2,2
15234.0,2,1,1
15235.0,2,4,4
15236.0,1,1,2
15237.0,2,3,3
15238.0,3,3,3
15239.0,4,2,3
15240.0,4,4,4
15241.0,2,4,4
15243.0,2,1,2
15244.0,1,2,2
15245.0,2,3,4
15246.0,1,2,2
15247.0,2,1,2
15249.0,4,4,4
15251.0,4,4,4
15252.0,2,2,3
15253.0,4,4,3
15254.0,1,1,1
15255.0,1,1,3
15256.0,2,1,1
15257.0,1,1,2
15258.0,1,2,2
15260.0,2,4,4
15261.0,2,1,1
15262.0,1,1,1
15263.0,2,1,1
15264.0,1,1,2
15265.0,3,2,3
15266.0,1,1,1
15267.0,4,4,4
15269.0,3,1,2
15270.0,4,4,4
15271.0,4,4,4
15272.0,3,2,3
15274.0,4,2,3
15275.0,1,1,2
15276.0,1,1,1
15277.0,3,1,1
15279.0,1,1,1
15280.0,1,1,1
15281.0,4,4,4
15286.0,3,1,1
15287.0,3,2,2
15288.0,3,4,4
15289.0,3,3,3
15290.0,3,4,4
15291.0,4,4,4
15292.0,1,1,1
15296.0,3,4,4
15297.0,4,3,2
15298.0,4,4,4
15299.0,1,4,4
15300.0,1,1,2
15301.0,3,4,4
15303.0,1,1,2
15304.0,2,4,3
15306.0,2,3,3
15307.0,1,1,1
15308.0,2,1,2
15311.0,4,4,4
15312.0,2,3,3
15313.0,2,1,1
15314.0,1,1,2
15315.0,2,2,2
15316.0,1,1,1
15318.0,1,1,2
15319.0,1,1,1
15320.0,3,1,1
15321.0,2,3,4
15322.0,2,1,3
15325.0,2,1,1
15326.0,2,1,2
15327.0,3,1,1
15329.0,3,3,3
15330.0,2,2,3
15332.0,1,3,3
15333.0,1,1,3
15334.0,1,3,2
15335.0,3,1,1
15339.0,1,2,2
15341.0,2,1,4
15342.0,1,1,2
15343.0,2,1,2
15344.0,2,3,2
15345.0,3,1,2
15346.0,3,1,1
15347.0,1,1,1
15348.0,2,1,1
15349.0,1,2,2
15350.0,1,1,1
15351.0,4,4,4
15353.0,1,2,3
15355.0,3,2,1
15356.0,2,4,4
15358.0,4,4,4
15360.0,3,1,2
15361.0,1,1,2
15363.0,1,1,2
15364.0,1,2,3
15365.0,3,4,4
15366.0,2,2,2
15367.0,3,3,4
15368.0,4,1,2
15370.0,3,4,4
15372.0,2,1,4
15373.0,4,4,4
15374.0,1,1,1
15376.0,3,3,3
15379.0,2,4,4
15380.0,3,4,4
15381.0,2,2,2
15382.0,4,4,4
15384.0,1,2,2
15385.0,3,1,2
15386.0,1,1,2
15388.0,1,1,1
15389.0,1,1,2
15392.0,4,3,3
15393.0,4,2,1
15394.0,4,3,4
15395.0,1,1,1
15396.0,2,1,1
15397.0,1,1,1
15398.0,4,2,3
15399.0,3,3,3
15400.0,2,4,3
15402.0,2,2,2
15405.0,1,1,2
15406.0,3,2,2
15407.0,2,3,3
15408.0,1,1,1
15410.0,2,4,4
15411.0,3,3,3
15412.0,1,1,1
15414.0,4,3,3
15415.0,1,1,2
15416.0,2,3,4
15417.0,2,1,2
15419.0,3,1,1
15421.0,4,3,3
15422.0,1,2,1
15423.0,1,1,1
15424.0,1,2,2
15426.0,4,4,3
15427.0,3,3,3
15428.0,4,1,1
15429.0,3,2,2
15432.0,3,1,1
15433.0,2,2,2
15434.0,2,4,3
15435.0,3,1,1
15436.0,4,3,3
15437.0,1,1,1
15438.0,2,1,1
15440.0,3,3,2
15442.0,1,1,2
15443.0,4,4,4
15444.0,4,2,3
15445.0,1,1,1
15447.0,1,1,1
15448.0,1,1,2
15449.0,3,3,3
15450.0,2,1,2
15452.0,3,3,2
15453.0,3,4,3
15454.0,1,1,1
15456.0,1,3,2
15457.0,1,1,1
15458.0,3,1,1
15460.0,1,1,1
15462.0,2,3,1
15463.0,3,1,1
15464.0,1,1,3
15465.0,4,4,4
15466.0,2,1,2
15467.0,4,3,2
15468.0,3,2,2
15469.0,3,2,2
15471.0,2,1,2
15472.0,2,1,2
15473.0,4,4,4
15475.0,2,1,2
15478.0,3,2,3
15480.0,2,1,3
15482.0,4,4,4
15483.0,1,3,1
15484.0,4,3,4
15485.0,2,3,4
15488.0,2,1,1
15489.0,4,3,3
15491.0,2,4,4
15492.0,3,2,2
15493.0,2,4,4
15494.0,4,2,3
15497.0,4,2,3
15498.0,4,4,4
15500.0,4,3,3
15502.0,4,4,4
15503.0,1,1,1
15504.0,2,1,1
15505.0,3,4,4
15506.0,3,3,3
15507.0,1,1,2
15508.0,1,4,3
15510.0,1,1,1
15511.0,4,4,3
15512.0,2,2,1
15513.0,4,4,4
15514.0,4,4,4
15516.0,3,3,1
15517.0,1,1,1
15518.0,3,4,4
15520.0,2,1,2
15521.0,3,4,4
15522.0,2,2,2
15523.0,2,1,2
15524.0,3,1,2
15525.0,4,3,3
15526.0,1,2,1
15527.0,4,4,4
15528.0,1,1,1
15529.0,3,4,4
15530.0,4,3,3
15531.0,2,2,4
15532.0,3,3,3
15533.0,4,3,3
15535.0,1,3,2
15537.0,1,1,1
15539.0,1,1,2
15540.0,4,1,1
15541.0,2,1,1
15543.0,1,1,1
15544.0,4,4,4
15545.0,3,2,1
15547.0,3,4,4
15549.0,2,3,4
15550.0,3,3,2
15551.0,1,1,2
15552.0,1,1,1
15553.0,2,1,2
15554.0,2,1,1
15555.0,4,4,4
15556.0,3,1,1
15557.0,3,1,2
15561.0,4,3,3
15562.0,1,1,1
15563.0,3,3,3
15565.0,3,2,1
15567.0,4,1,1
15568.0,3,3,3
15569.0,3,4,3
15570.0,4,4,4
15571.0,4,3,2
15572.0,3,4,4
15573.0,2,2,2
15574.0,1,3,3
15576.0,1,1,3
15577.0,3,3,1
15578.0,1,1,1
15579.0,1,2,2
15581.0,3,4,4
15582.0,3,3,3
15584.0,3,3,3
15585.0,1,1,2
15587.0,3,3,3
15589.0,1,3,2
15592.0,3,1,2
15593.0,2,1,1
15594.0,4,4,4
15596.0,2,4,3
15597.0,1,1,2
15598.0,3,1,1
15599.0,3,2,3
15601.0,4,4,4
15602.0,3,4,3
15603.0,2,1,1
15604.0,3,1,1
15605.0,3,4,3
15606.0,4,4,4
15607.0,1,1,1
15608.0,3,3,3
15609.0,2,1,1
15610.0,3,1,1
15611.0,4,4,3
15612.0,2,2,1
15615.0,4,4,4
15618.0,2,3,3
15619.0,4,1,2
15620.0,3,3,3
15621.0,4,3,3
15622.0,3,4,4
15623.0,2,1,1
15624.0,2,3,2
15625.0,2,3,3
15626.0,2,2,3
15628.0,3,4,4
15630.0,3,2,3
15632.0,4,4,4
15634.0,4,1,1
15636.0,3,2,3
15637.0,3,1,1
15639.0,2,1,2
15640.0,4,4,4
15641.0,2,3,4
15643.0,1,3,2
15644.0,1,3,3
15645.0,4,1,2
15646.0,2,3,2
15648.0,1,2,2
15649.0,1,2,3
15651.0,1,3,2
15652.0,2,1,2
15653.0,2,2,3
15654.0,4,2,3
15655.0,2,1,2
15656.0,3,3,3
15657.0,3,1,1
15658.0,1,4,3
15659.0,3,1,1
15660.0,3,4,3
15661.0,1,2,2
15663.0,2,1,1
15664.0,3,1,2
15665.0,2,2,4
15667.0,3,1,1
15668.0,1,1,1
15669.0,3,3,3
15670.0,1,1,1
15671.0,4,4,4
15673.0,4,3,4
15674.0,2,4,4
15675.0,2,3,2
15676.0,4,3,4
15677.0,3,1,2
15678.0,3,1,2
15679.0,3,3,3
15680.0,4,3,3
15681.0,3,4,3
15683.0,2,1,1
15687.0,3,4,4
15689.0,4,2,1
15690.0,2,2,1
15691.0,1,1,1
15692.0,3,1,1
15694.0,3,4,4
15695.0,1,2,2
15696.0,2,4,4
15699.0,4,1,2
15700.0,1,2,3
15701.0,2,3,3
15703.0,1,1,1
15704.0,2,3,4
15705.0,1,1,1
15706.0,2,3,3
15707.0,3,3,3
15708.0,3,4,4
15709.0,1,1,1
15712.0,4,4,3
15713.0,2,2,2
15714.0,4,2,2
15716.0,2,3,3
15717.0,1,1,1
15719.0,2,4,4
15720.0,3,1,2
15721.0,4,1,2
15722.0,2,4,4
15723.0,1,1,1
15724.0,1,2,1
15725.0,4,1,2
15727.0,4,4,4
15729.0,3,1,1
15730.0,2,3,3
15732.0,3,2,1
15733.0,1,1,1
15734.0,2,2,3
15737.0,4,4,3
15738.0,4,4,4
15739.0,1,1,2
15740.0,3,1,1
15743.0,4,3,3
15744.0,2,1,1
15745.0,4,3,3
15746.0,2,1,1
15747.0,4,3,3
15748.0,3,1,1
15749.0,3,3,4
15750.0,4,4,4
15752.0,3,4,4
15753.0,2,1,1
15754.0,3,3,2
15755.0,4,4,4
15756.0,2,3,2
15757.0,1,2,3
15758.0,3,1,1
15759.0,1,3,1
15762.0,2,2,2
15763.0,2,2,3
15764.0,4,4,4
15766.0,1,1,2
15768.0,2,3,2
15769.0,3,4,4
15773.0,1,1,2
15774.0,1,1,1
15775.0,2,1,1
15776.0,2,1,1
15777.0,4,3,3
15780.0,3,3,2
15781.0,3,3,2
15782.0,4,3,4
15783.0,4,1,1
15785.0,2,4,4
15786.0,3,3,4
15787.0,3,3,3
15789.0,1,1,2
15790.0,4,1,1
15791.0,3,2,3
15793.0,4,3,3
15795.0,2,1,2
15796.0,4,4,4
15797.0,2,3,4
15799.0,2,3,3
15800.0,2,2,3
15801.0,3,3,3
15802.0,2,1,2
15803.0,3,1,2
15804.0,4,4,4
15805.0,3,4,4
15806.0,3,3,3
15807.0,3,3,3
15808.0,1,3,4
15809.0,2,4,2
15810.0,2,3,3
15811.0,3,4,4
15812.0,3,4,4
15813.0,1,2,3
15814.0,4,3,4
15815.0,3,4,4
15819.0,3,3,4
15820.0,1,1,1
15821.0,3,2,2
15822.0,1,2,3
15823.0,1,1,1
15825.0,1,1,2
15826.0,3,3,3
15827.0,2,4,4
15829.0,2,2,2
15830.0,1,1,2
15831.0,4,3,3
15832.0,1,1,3
15834.0,2,3,4
15835.0,3,3,3
15836.0,3,1,1
15837.0,1,1,2
15838.0,4,4,4
15839.0,2,3,3
15840.0,4,2,2
15841.0,2,3,3
15843.0,2,1,1
15844.0,3,1,1
15845.0,4,4,4
15847.0,1,2,2
15850.0,4,2,1
15852.0,1,2,1
15853.0,3,1,1
15854.0,2,4,4
15855.0,2,4,3
15856.0,3,4,4
15857.0,4,1,1
15858.0,4,4,3
15860.0,3,4,3
15861.0,4,4,4
15862.0,2,3,3
15863.0,3,2,1
15864.0,3,4,4
15865.0,4,3,3
15866.0,2,1,1
15867.0,3,4,4
15869.0,2,2,1
15870.0,2,1,2
15872.0,4,2,2
15874.0,2,4,4
15877.0,4,2,2
15880.0,1,1,2
15881.0,1,4,2
15882.0,1,3,2
15883.0,2,2,2
15885.0,2,3,2
15886.0,2,1,1
15888.0,2,1,1
15889.0,1,2,2
15891.0,1,1,2
15894.0,1,2,1
15895.0,2,1,1
15897.0,1,2,1
15898.0,2,4,3
15899.0,1,1,1
15900.0,3,1,2
15901.0,4,3,2
15903.0,4,4,4
15904.0,1,1,1
15906.0,4,4,3
15907.0,1,3,3
15909.0,1,1,1
15910.0,4,4,3
15912.0,1,2,1
15916.0,4,4,3
15917.0,1,1,1
15918.0,1,2,2
15919.0,4,2,2
15920.0,2,3,1
15921.0,1,1,2
15922.0,1,1,2
15923.0,1,1,1
15925.0,1,1,1
15930.0,1,1,2
15932.0,4,4,4
15933.0,3,3,3
15935.0,4,2,2
15937.0,1,1,1
15938.0,2,4,2
15939.0,4,4,4
15940.0,1,1,1
15942.0,2,1,2
15944.0,2,1,2
15945.0,1,1,1
15947.0,2,1,4
15948.0,3,2,3
15949.0,4,2,2
15950.0,2,3,4
15951.0,1,2,3
15952.0,1,3,3
15953.0,4,4,3
15955.0,3,4,4
15957.0,2,1,2
15958.0,2,1,1
15963.0,4,2,2
15965.0,4,3,3
15967.0,3,2,2
15969.0,3,3,2
15970.0,2,1,2
15971.0,4,4,4
15973.0,1,1,2
15974.0,4,4,4
15975.0,2,1,2
15976.0,1,2,2
15977.0,4,2,3
15978.0,2,1,3
15980.0,4,3,4
15981.0,4,4,4
15983.0,3,3,3
15984.0,2,4,4
15985.0,2,2,3
15986.0,2,1,1
15987.0,4,4,3
15988.0,4,1,1
15990.0,3,2,3
15992.0,1,1,1
15993.0,4,4,4
15994.0,3,1,2
15996.0,4,4,3
15998.0,2,4,4
16000.0,2,3,4
16003.0,3,4,4
16005.0,4,3,2
16006.0,4,1,1
16007.0,4,3,4
16008.0,3,3,2
16009.0,3,3,3
16010.0,2,3,2
16011.0,4,4,4
16012.0,2,3,3
16013.0,4,4,4
16014.0,2,3,2
16015.0,3,3,3
16016.0,4,4,3
16017.0,3,1,1
16018.0,4,2,2
16019.0,3,4,4
16020.0,4,3,3
16022.0,1,1,2
16023.0,3,3,3
16024.0,4,1,1
16025.0,3,1,2
16026.0,3,1,1
16027.0,2,4,3
16029.0,3,4,4
16030.0,1,1,2
16031.0,2,2,2
16033.0,4,4,4
16034.0,3,3,2
16036.0,2,2,3
16037.0,2,3,3
16038.0,1,3,2
16040.0,2,3,3
16041.0,2,3,4
16042.0,3,4,3
16043.0,4,3,3
16045.0,4,3,3
16048.0,1,2,1
16049.0,3,3,3
16050.0,1,1,1
16052.0,3,1,2
16053.0,2,2,3
16054.0,2,1,3
16055.0,1,1,1
16056.0,3,1,2
16057.0,4,4,4
16059.0,2,4,3
16062.0,4,3,3
16063.0,1,1,2
16065.0,1,1,2
16066.0,4,4,3
16070.0,3,2,3
16071.0,3,1,2
16072.0,1,1,2
16073.0,1,1,1
16076.0,3,4,4
16078.0,1,1,1
16079.0,4,3,3
16080.0,2,2,1
16081.0,3,4,4
16083.0,2,2,3
16084.0,1,1,2
16085.0,4,4,3
16086.0,3,4,3
16091.0,2,2,2
16092.0,2,3,3
16093.0,2,1,1
16094.0,4,3,3
16096.0,1,1,2
16097.0,1,1,1
16098.0,2,4,4
16099.0,3,3,3
16101.0,2,1,3
16102.0,3,3,4
16103.0,2,4,3
16104.0,2,1,1
16105.0,1,1,2
16106.0,1,1,1
16107.0,4,4,4
16108.0,2,1,3
16109.0,1,2,2
16110.0,3,3,3
16112.0,2,3,1
16113.0,2,1,1
16114.0,1,1,1
16115.0,4,4,4
16116.0,4,1,2
16117.0,1,1,1
16119.0,2,2,2
16120.0,3,3,3
16121.0,3,2,3
16122.0,3,3,3
16123.0,3,1,2
16124.0,1,1,1
16125.0,1,1,1
16126.0,3,3,4
16127.0,3,1,2
16128.0,4,4,4
16131.0,3,4,4
16133.0,4,4,4
16134.0,3,2,2
16135.0,1,1,2
16136.0,3,3,3
16139.0,4,3,2
16140.0,1,2,3
16141.0,4,1,2
16142.0,1,1,2
16143.0,3,4,4
16144.0,2,1,1
16145.0,4,4,4
16146.0,1,3,3
16147.0,2,1,2
16148.0,1,1,1
16149.0,2,2,1
16150.0,4,4,4
16152.0,1,1,4
16153.0,3,4,4
16156.0,3,4,4
16157.0,4,3,2
16159.0,1,1,2
16160.0,2,2,3
16161.0,4,4,4
16162.0,1,1,1
16163.0,1,2,3
16164.0,4,3,3
16168.0,4,4,4
16169.0,3,3,4
16170.0,3,4,4
16171.0,3,1,1
16172.0,4,4,3
16173.0,4,4,3
16174.0,3,3,3
16175.0,1,3,3
16177.0,3,1,2
16178.0,2,1,1
16179.0,2,1,1
16180.0,2,4,4
16181.0,2,1,1
16182.0,2,3,4
16183.0,1,1,2
16184.0,4,4,3
16185.0,4,2,2
16186.0,4,4,4
16187.0,3,4,4
16188.0,3,3,3
16189.0,4,2,1
16190.0,3,1,1
16191.0,4,4,4
16193.0,1,1,2
16198.0,2,1,2
16200.0,1,2,3
16201.0,3,3,4
16202.0,1,1,2
16203.0,4,3,2
16204.0,3,1,2
16205.0,2,3,3
16206.0,3,3,2
16207.0,3,1,2
16208.0,3,2,2
16209.0,4,4,4
16210.0,4,4,4
16211.0,4,1,2
16212.0,4,2,3
16213.0,2,1,1
16214.0,1,3,3
16215.0,2,1,1
16216.0,1,1,3
16217.0,1,2,1
16218.0,3,4,4
16221.0,2,3,3
16222.0,1,1,3
16224.0,3,3,3
16225.0,3,4,3
16226.0,1,3,1
16227.0,1,1,2
16229.0,3,2,3
16230.0,1,2,2
16232.0,3,3,3
16233.0,2,3,2
16235.0,3,4,3
16236.0,2,1,2
16239.0,3,2,2
16240.0,3,2,4
16241.0,4,4,4
16242.0,4,4,4
16243.0,3,2,2
16244.0,4,2,3
16245.0,3,3,3
16247.0,1,1,1
16248.0,2,1,1
16249.0,3,4,4
16250.0,1,2,2
16253.0,1,2,4
16255.0,4,4,4
16256.0,1,1,3
16257.0,1,1,1
16258.0,3,4,4
16260.0,3,1,3
16261.0,4,3,3
16265.0,4,4,4
16266.0,2,4,3
16268.0,2,2,2
16270.0,1,1,3
16271.0,4,4,3
16272.0,2,1,2
16274.0,1,1,2
16275.0,1,1,2
16276.0,1,1,3
16278.0,2,1,2
16279.0,3,3,3
16281.0,2,1,4
16282.0,1,1,1
16283.0,3,4,3
16284.0,3,2,3
16287.0,1,1,1
16292.0,2,1,1
16293.0,3,4,4
16295.0,4,3,3
16297.0,1,1,1
16298.0,3,3,2
16302.0,1,1,1
16303.0,3,3,4
16305.0,2,1,2
16306.0,3,4,2
16308.0,2,3,4
16309.0,2,2,3
16311.0,4,2,2
16313.0,3,2,1
16315.0,1,1,1
16316.0,2,4,4
16317.0,4,3,3
16318.0,1,1,2
16319.0,1,1,2
16320.0,2,2,3
16321.0,2,4,2
16322.0,2,2,2
16323.0,1,1,1
16324.0,1,3,2
16325.0,3,3,2
16326.0,4,4,4
16327.0,4,4,4
16330.0,4,3,1
16332.0,3,4,3
16333.0,2,4,4
16337.0,1,1,1
16338.0,1,1,1
16339.0,1,1,1
16340.0,2,1,2
16341.0,3,3,4
16342.0,2,3,2
16343.0,4,2,2
16344.0,1,1,1
16345.0,3,1,2
16347.0,4,2,3
16348.0,2,4,3
16349.0,1,1,1
16350.0,3,3,3
16351.0,3,1,1
16352.0,4,2,2
16353.0,4,4,4
16354.0,2,2,2
16356.0,2,3,1
16357.0,2,3,2
16358.0,2,3,4
16359.0,4,4,4
16360.0,4,4,4
16361.0,4,3,3
16362.0,3,4,3
16363.0,3,1,1
16364.0,4,2,3
16365.0,4,4,3
16366.0,4,1,2
16367.0,1,2,3
16368.0,3,2,2
16369.0,4,3,3
16370.0,2,3,3
16372.0,1,2,2
16374.0,1,2,2
16376.0,4,2,3
16377.0,1,1,3
16378.0,1,3,2
16379.0,4,3,4
16380.0,2,1,4
16383.0,2,2,2
16384.0,3,2,2
16385.0,2,3,2
16386.0,3,2,2
16387.0,1,1,1
16389.0,3,3,3
16392.0,1,1,1
16393.0,4,4,4
16394.0,3,4,3
16395.0,2,4,3
16398.0,2,2,4
16399.0,4,2,2
16400.0,1,1,1
16401.0,4,4,4
16402.0,1,2,1
16403.0,1,1,1
16404.0,2,1,2
16405.0,2,2,1
16406.0,4,1,1
16407.0,4,4,4
16409.0,4,4,4
16411.0,4,2,1
16412.0,3,1,1
16413.0,3,1,1
16414.0,3,2,1
16415.0,3,1,1
16416.0,3,3,3
16418.0,3,3,3
16419.0,2,4,3
16422.0,4,4,4
16423.0,3,1,2
16424.0,1,1,1
16425.0,2,1,1
16426.0,3,4,4
16427.0,1,2,1
16429.0,2,1,1
16430.0,3,1,1
16431.0,2,3,2
16432.0,1,1,1
16433.0,3,1,1
16434.0,3,4,3
16438.0,3,4,3
16440.0,3,4,4
16441.0,1,2,2
16442.0,2,3,2
16444.0,3,3,2
16445.0,1,1,1
16446.0,2,2,4
16447.0,2,1,1
16448.0,1,1,1
16449.0,1,2,3
16450.0,2,1,2
16451.0,2,1,1
16454.0,3,2,1
16455.0,2,4,4
16456.0,2,4,4
16457.0,1,1,1
16458.0,4,4,4
16460.0,3,3,3
16461.0,1,1,1
16462.0,2,3,1
16463.0,3,3,3
16464.0,4,3,3
16466.0,4,4,3
16468.0,2,1,1
16469.0,3,3,2
16470.0,3,3,3
16471.0,2,1,1
16473.0,1,3,2
16474.0,4,4,4
16475.0,4,3,2
16477.0,2,4,4
16478.0,3,3,2
16479.0,4,2,1
16480.0,2,1,3
16482.0,4,1,1
16483.0,1,1,1
16484.0,1,2,2
16485.0,2,1,2
16488.0,2,3,2
16491.0,3,1,3
16493.0,2,3,3
16494.0,1,1,3
16495.0,2,3,3
16496.0,1,3,3
16497.0,3,4,4
16498.0,1,2,1
16499.0,1,2,2
16500.0,4,4,2
16503.0,2,3,3
16504.0,3,1,2
16505.0,2,1,3
16506.0,4,2,1
16509.0,1,1,2
16510.0,1,1,1
16511.0,3,3,3
16513.0,4,3,3
16515.0,4,4,3
16516.0,2,1,1
16517.0,2,1,1
16518.0,2,2,2
16519.0,3,2,1
16520.0,1,3,3
16523.0,4,4,4
16525.0,4,4,4
16526.0,1,1,1
16527.0,2,1,1
16528.0,1,1,1
16529.0,1,1,2
16531.0,3,4,3
16532.0,4,3,4
16533.0,4,3,3
16535.0,1,1,2
16536.0,2,1,2
16539.0,2,3,3
16542.0,3,1,1
16545.0,1,1,2
16546.0,1,2,3
16549.0,4,4,4
16550.0,2,4,4
16551.0,1,3,3
16552.0,3,2,2
16553.0,2,4,4
16554.0,4,3,3
16555.0,2,2,1
16556.0,2,4,4
16557.0,3,2,1
16558.0,3,4,4
16560.0,3,2,3
16561.0,3,2,2
16563.0,3,1,3
16565.0,1,1,1
16566.0,4,4,2
16567.0,1,2,3
16569.0,1,1,1
16570.0,4,4,4
16571.0,3,3,3
16572.0,3,3,3
16573.0,2,2,2
16574.0,2,1,2
16581.0,2,1,1
16582.0,2,1,2
16583.0,1,1,1
16584.0,2,2,3
16586.0,1,1,2
16587.0,1,1,1
16589.0,2,3,2
16591.0,1,1,1
16592.0,4,4,4
16593.0,3,3,2
16594.0,2,1,1
16595.0,2,1,2
16596.0,4,2,1
16597.0,1,1,1
16598.0,1,1,1
16600.0,4,4,3
16601.0,3,1,1
16602.0,1,1,2
16603.0,2,2,2
16607.0,4,4,4
16609.0,4,4,4
16610.0,1,1,1
16611.0,1,1,1
16612.0,4,3,3
16613.0,2,1,2
16614.0,2,2,2
16616.0,4,2,2
16617.0,1,2,1
16618.0,2,4,4
16619.0,1,2,1
16620.0,1,2,1
16621.0,3,3,3
16623.0,2,2,1
16624.0,2,2,3
16625.0,2,2,2
16626.0,3,4,4
16627.0,2,2,2
16628.0,3,4,4
16629.0,2,2,2
16633.0,4,4,4
16634.0,1,2,1
16637.0,2,3,3
16638.0,3,4,4
16639.0,2,3,3
16641.0,2,2,1
16642.0,1,2,3
16643.0,2,2,2
16644.0,3,2,3
16647.0,1,2,1
16648.0,3,2,1
16650.0,2,2,2
16652.0,4,4,4
16653.0,4,2,3
16654.0,2,3,2
16655.0,4,4,4
16656.0,4,4,4
16657.0,4,3,3
16658.0,1,2,1
16659.0,1,2,1
16660.0,4,3,3
16665.0,1,2,1
16666.0,4,2,1
16667.0,1,2,2
16668.0,4,4,1
16669.0,3,3,3
16670.0,4,4,4
16671.0,3,3,4
16672.0,4,4,4
16674.0,3,2,2
16676.0,2,3,3
16678.0,4,4,4
16679.0,1,2,1
16680.0,3,2,1
16681.0,2,4,4
16682.0,3,4,3
16684.0,4,4,4
16685.0,2,2,2
16686.0,3,4,4
16688.0,4,3,3
16689.0,2,2,2
16690.0,2,2,1
16692.0,1,2,3
16693.0,1,2,2
16696.0,2,3,2
16697.0,4,2,1
16698.0,1,2,4
16700.0,4,4,4
16701.0,4,4,4
16705.0,4,4,4
16706.0,2,3,2
16708.0,3,2,2
16709.0,2,4,4
16710.0,4,4,4
16711.0,3,4,3
16712.0,4,4,4
16713.0,4,4,4
16714.0,1,3,3
16715.0,2,2,1
16716.0,1,2,3
16717.0,3,4,4
16718.0,1,2,2
16719.0,4,4,4
16720.0,3,2,1
16721.0,1,2,1
16722.0,4,4,4
16723.0,2,2,2
16725.0,2,4,3
16726.0,3,4,3
16727.0,1,2,1
16728.0,3,3,3
16729.0,4,4,4
16730.0,3,3,3
16732.0,2,2,2
16734.0,3,3,2
16735.0,2,4,4
16737.0,3,2,2
16738.0,1,2,1
16739.0,1,2,2
16742.0,3,2,2
16743.0,4,4,4
16744.0,4,4,3
16745.0,4,4,4
16746.0,4,4,4
16747.0,1,2,3
16748.0,4,4,3
16750.0,3,4,2
16751.0,2,2,4
16752.0,1,2,1
16753.0,4,2,1
16754.0,1,2,4
16755.0,2,3,3
16756.0,2,2,1
16757.0,1,2,1
16758.0,1,2,2
16759.0,2,3,3
16761.0,1,2,2
16762.0,4,3,3
16763.0,1,2,2
16764.0,4,4,4
16765.0,1,2,1
16766.0,3,2,3
16767.0,2,4,4
16768.0,3,3,2
16769.0,1,2,2
16770.0,3,4,3
16771.0,2,4,4
16773.0,3,2,1
16774.0,2,3,2
16775.0,4,4,4
16776.0,2,2,2
16777.0,2,2,1
16778.0,2,2,1
16779.0,4,4,4
16780.0,2,2,2
16781.0,1,2,2
16782.0,4,4,4
16784.0,4,2,1
16788.0,2,2,2
16789.0,1,2,1
16790.0,4,4,3
16791.0,3,4,4
16792.0,1,2,1
16793.0,3,2,1
16794.0,4,4,3
16795.0,1,2,2
16796.0,3,2,1
16800.0,4,2,3
16801.0,3,3,3
16803.0,1,2,2
16804.0,3,3,2
16805.0,1,2,2
16806.0,2,3,3
16807.0,2,3,3
16808.0,2,2,1
16809.0,3,4,3
16810.0,1,2,2
16811.0,4,2,2
16812.0,1,2,2
16813.0,3,4,4
16814.0,4,4,4
16816.0,2,3,2
16817.0,3,4,3
16818.0,4,4,4
16820.0,1,2,2
16823.0,1,2,2
16824.0,4,2,2
16825.0,2,2,3
16826.0,3,2,2
16828.0,2,2,1
16829.0,1,2,1
16830.0,1,2,2
16832.0,2,3,1
16833.0,2,3,3
16834.0,1,2,2
16835.0,1,2,1
16836.0,3,2,1
16837.0,3,4,4
16838.0,1,2,2
16839.0,4,4,4
16841.0,2,4,4
16842.0,2,3,3
16843.0,4,4,4
16846.0,3,2,1
16847.0,3,2,1
16848.0,3,2,1
16849.0,1,2,1
16850.0,2,2,2
16851.0,3,3,2
16852.0,4,2,1
16855.0,3,2,2
16856.0,4,2,1
16858.0,1,2,2
16859.0,2,2,3
16861.0,3,2,1
16863.0,2,2,2
16866.0,2,3,1
16869.0,3,3,3
16871.0,3,4,4
16872.0,2,3,3
16873.0,2,4,4
16875.0,2,4,4
16877.0,4,4,3
16878.0,2,2,1
16880.0,2,4,3
16881.0,1,2,2
16882.0,1,3,3
16883.0,1,2,1
16884.0,1,2,2
16885.0,4,3,2
16887.0,1,2,1
16889.0,2,3,3
16891.0,2,4,3
16892.0,4,4,2
16893.0,1,2,1
16895.0,1,2,1
16897.0,1,2,1
16898.0,3,3,2
16899.0,4,4,3
16900.0,4,3,3
16902.0,2,2,4
16903.0,3,2,2
16904.0,3,4,4
16905.0,4,4,4
16906.0,2,3,2
16907.0,3,4,3
16909.0,2,2,2
16910.0,4,4,3
16912.0,3,4,4
16913.0,1,2,1
16914.0,1,2,1
16915.0,4,4,2
16916.0,3,2,2
16917.0,2,2,2
16918.0,3,4,3
16919.0,4,4,4
16921.0,2,2,1
16923.0,4,4,4
16924.0,3,3,3
16926.0,1,2,1
16927.0,2,3,2
16928.0,3,4,4
16929.0,4,4,3
16930.0,3,3,2
16931.0,4,4,4
16932.0,3,2,1
16933.0,2,2,2
16934.0,3,2,3
16936.0,3,2,1
16938.0,4,3,4
16940.0,3,3,4
16942.0,4,4,4
16943.0,4,3,3
16945.0,4,4,4
16947.0,1,2,2
16948.0,2,3,2
16949.0,3,4,3
16950.0,3,3,3
16951.0,2,3,3
16952.0,2,2,1
16953.0,2,2,1
16954.0,4,4,4
16955.0,2,3,2
16956.0,4,2,2
16957.0,1,2,2
16959.0,2,2,1
16960.0,2,3,2
16961.0,2,2,1
16963.0,1,2,1
16965.0,1,2,1
16966.0,4,4,4
16967.0,1,2,2
16968.0,2,2,2
16969.0,3,3,2
16971.0,1,2,2
16976.0,1,2,1
16978.0,2,2,2
16979.0,4,4,4
16980.0,1,2,3
16982.0,2,2,2
16983.0,4,4,4
16984.0,4,2,4
16985.0,4,4,4
16986.0,3,2,4
16987.0,3,4,3
16988.0,1,2,1
16989.0,4,4,3
16990.0,1,2,1
16992.0,4,4,3
16996.0,2,4,3
16997.0,1,3,3
16998.0,2,3,1
16999.0,3,2,2
17001.0,3,4,4
17002.0,2,3,3
17004.0,3,2,3
17006.0,4,3,3
17007.0,3,4,3
17010.0,4,2,1
17011.0,2,2,1
17014.0,2,3,2
17015.0,3,3,4
17017.0,4,4,4
17018.0,3,2,3
17019.0,4,3,3
17022.0,2,2,1
17024.0,3,3,1
17025.0,2,3,2
17026.0,2,2,1
17027.0,2,4,3
17029.0,2,2,3
17030.0,2,2,1
17031.0,4,2,2
17033.0,2,3,3
17034.0,4,3,3
17035.0,2,2,2
17037.0,2,2,3
17038.0,2,2,1
17040.0,2,2,2
17041.0,3,3,3
17042.0,2,4,3
17043.0,3,3,4
17044.0,3,2,3
17045.0,2,3,2
17046.0,1,2,2
17047.0,2,3,3
17048.0,4,3,3
17049.0,3,4,4
17050.0,1,4,4
17051.0,1,2,1
17052.0,3,2,2
17053.0,1,2,2
17054.0,3,4,3
17058.0,2,3,3
17059.0,3,4,4
17060.0,1,2,1
17061.0,2,4,4
17062.0,1,3,2
17063.0,3,4,3
17064.0,4,3,3
17068.0,4,4,4
17069.0,3,4,4
17070.0,2,2,2
17071.0,4,4,4
17073.0,4,3,3
17075.0,4,3,3
17076.0,3,3,3
17078.0,1,2,2
17079.0,2,2,1
17080.0,3,2,1
17081.0,3,2,1
17082.0,1,2,4
17083.0,2,3,3
17084.0,1,2,4
17085.0,2,4,3
17086.0,3,4,4
17088.0,3,3,4
17090.0,4,4,4
17091.0,2,4,4
17092.0,3,3,4
17094.0,1,2,1
17095.0,3,3,3
17096.0,4,3,3
17097.0,4,4,3
17100.0,4,2,3
17101.0,4,3,3
17102.0,1,2,1
17105.0,1,2,2
17107.0,2,4,4
17109.0,3,4,3
17110.0,1,2,1
17111.0,3,2,1
17114.0,2,4,3
17115.0,2,3,3
17117.0,1,2,1
17118.0,1,2,1
17119.0,3,2,2
17120.0,1,2,2
17122.0,4,2,1
17123.0,1,2,2
17124.0,2,2,1
17125.0,3,2,1
17126.0,2,4,3
17128.0,2,2,1
17131.0,3,4,4
17133.0,4,4,4
17134.0,2,2,2
17135.0,4,4,3
17138.0,2,2,2
17139.0,4,4,4
17140.0,1,2,2
17142.0,1,2,2
17144.0,2,2,3
17146.0,2,3,3
17147.0,3,3,4
17148.0,3,2,1
17152.0,1,3,4
17153.0,3,2,1
17154.0,2,2,2
17155.0,4,2,1
17157.0,1,2,2
17158.0,2,3,3
17159.0,3,3,3
17160.0,4,4,4
17162.0,3,4,4
17163.0,3,2,1
17164.0,3,4,4
17165.0,1,2,1
17166.0,1,2,1
17169.0,3,2,3
17171.0,1,2,1
17172.0,2,2,2
17173.0,4,4,4
17174.0,1,2,1
17175.0,4,3,3
17176.0,1,2,1
17179.0,1,3,3
17180.0,4,3,3
17181.0,3,2,1
17183.0,3,4,4
17186.0,3,2,1
17187.0,1,2,1
17188.0,4,4,4
17189.0,2,2,2
17190.0,4,3,2
17191.0,3,4,4
17193.0,4,4,4
17194.0,3,3,1
17197.0,3,2,3
17198.0,3,3,3
17201.0,3,2,2
17203.0,3,4,4
17204.0,4,3,3
17205.0,3,2,2
17206.0,3,2,1
17211.0,4,4,4
17212.0,1,2,1
17213.0,3,4,4
17214.0,2,4,3
17217.0,1,2,1
17218.0,4,4,4
17219.0,2,2,1
17220.0,3,4,4
17221.0,1,3,2
17222.0,1,2,2
17223.0,1,3,2
17226.0,1,2,2
17227.0,4,4,3
17228.0,4,4,4
17229.0,2,3,2
17230.0,1,4,4
17231.0,4,4,4
17232.0,4,3,2
17233.0,1,2,1
17234.0,2,2,1
17235.0,3,3,2
17236.0,4,4,3
17237.0,4,3,2
17238.0,4,4,4
17239.0,1,2,2
17242.0,4,3,3
17243.0,4,4,4
17244.0,3,2,3
17245.0,1,2,1
17247.0,4,2,1
17248.0,3,2,2
17250.0,1,3,2
17251.0,1,2,1
17252.0,2,3,2
17253.0,4,2,1
17254.0,4,3,1
17255.0,3,3,1
17256.0,2,3,1
17259.0,2,3,2
17262.0,3,4,3
17263.0,1,2,1
17265.0,4,3,2
17266.0,2,3,2
17267.0,1,3,2
17268.0,4,3,3
17272.0,3,3,4
17274.0,1,2,1
17277.0,1,3,3
17278.0,4,2,1
17279.0,3,2,1
17282.0,1,3,4
17284.0,3,4,3
17286.0,3,2,1
17287.0,3,4,3
17288.0,4,4,3
17289.0,4,3,3
17290.0,4,3,2
17291.0,1,2,2
17293.0,4,4,4
17295.0,3,3,2
17297.0,4,2,1
17298.0,2,3,2
17299.0,4,3,2
17301.0,3,2,1
17302.0,4,4,3
17303.0,1,2,1
17306.0,4,4,4
17309.0,1,2,1
17311.0,2,3,3
17312.0,2,3,2
17313.0,2,2,4
17314.0,4,4,4
17315.0,4,4,4
17317.0,3,3,4
17320.0,2,3,3
17321.0,1,3,3
17323.0,4,4,3
17324.0,4,3,3
17325.0,1,2,1
17329.0,4,3,2
17330.0,3,3,2
17331.0,2,2,1
17333.0,2,2,2
17334.0,2,3,1
17337.0,4,3,4
17338.0,4,4,4
17339.0,1,3,1
17340.0,3,4,4
17341.0,1,3,3
17343.0,1,2,1
17344.0,3,2,1
17345.0,4,3,2
17346.0,4,4,4
17347.0,2,2,1
17348.0,4,4,3
17349.0,1,2,1
17350.0,3,3,3
17351.0,3,3,2
17353.0,2,3,4
17354.0,3,2,3
17356.0,1,2,1
17357.0,3,3,2
17358.0,2,3,2
17359.0,4,2,1
17360.0,4,3,2
17361.0,3,3,2
17362.0,1,3,2
17364.0,4,4,4
17365.0,4,4,4
17367.0,1,2,1
17368.0,3,4,4
17370.0,2,3,2
17371.0,4,3,2
17372.0,3,4,3
17373.0,3,3,2
17374.0,1,3,2
17375.0,1,3,2
17376.0,2,3,1
17377.0,3,4,4
17379.0,4,2,2
17381.0,4,4,4
17382.0,1,2,1
17383.0,1,2,1
17384.0,4,3,2
17385.0,4,2,1
17386.0,2,4,4
17387.0,4,3,3
17388.0,4,3,3
17389.0,4,4,4
17391.0,1,3,2
17392.0,1,3,2
17394.0,1,2,1
17396.0,3,4,4
17397.0,3,3,3
17398.0,2,3,2
17400.0,1,4,4
17402.0,3,4,4
17403.0,1,2,1
17404.0,4,4,4
17405.0,4,3,3
17406.0,2,3,4
17408.0,1,2,1
17409.0,2,3,3
17410.0,4,4,3
17411.0,4,3,3
17412.0,3,4,3
17414.0,3,3,3
17415.0,2,2,2
17416.0,3,4,4
17418.0,3,3,2
17419.0,4,4,4
17420.0,3,3,2
17422.0,4,4,4
17423.0,3,3,3
17425.0,4,3,3
17426.0,2,4,4
17427.0,2,2,1
17428.0,4,4,4
17429.0,2,3,2
17430.0,2,3,1
17431.0,1,2,2
17432.0,4,3,2
17433.0,4,2,1
17434.0,4,4,4
17436.0,2,3,1
17438.0,1,2,2
17440.0,1,3,1
17442.0,2,4,4
17443.0,1,2,2
17444.0,3,3,4
17446.0,1,3,1
17447.0,3,3,2
17449.0,3,4,4
17450.0,4,4,4
17451.0,4,4,4
17453.0,4,3,2
17454.0,1,3,2
17455.0,1,2,1
17456.0,1,2,1
17457.0,1,4,4
17458.0,4,2,2
17459.0,3,3,2
17460.0,1,4,2
17461.0,3,3,3
17462.0,2,3,3
17463.0,4,4,4
17464.0,1,2,1
17466.0,4,3,3
17468.0,4,3,1
17469.0,4,4,4
17470.0,3,4,3
17472.0,1,3,3
17475.0,2,2,1
17480.0,2,2,2
17481.0,4,3,3
17483.0,2,3,2
17486.0,1,2,2
17489.0,4,3,2
17490.0,2,4,4
17491.0,4,4,4
17492.0,1,2,2
17495.0,1,3,2
17496.0,1,2,1
17498.0,2,2,1
17499.0,1,2,2
17500.0,4,3,3
17501.0,1,3,1
17502.0,4,3,3
17503.0,2,3,2
17504.0,1,4,4
17505.0,1,3,3
17506.0,2,2,1
17507.0,1,3,2
17508.0,1,2,2
17509.0,3,4,4
17510.0,3,2,2
17511.0,4,4,4
17512.0,3,4,4
17513.0,2,2,2
17514.0,1,2,1
17515.0,2,3,2
17516.0,4,4,3
17517.0,1,2,1
17519.0,4,4,4
17520.0,3,2,2
17521.0,3,3,3
17522.0,2,4,3
17523.0,4,3,2
17524.0,1,2,1
17525.0,1,2,2
17526.0,1,3,3
17527.0,3,3,3
17528.0,4,4,4
17530.0,4,4,4
17531.0,1,2,1
17534.0,3,2,1
17535.0,1,2,1
17536.0,1,2,1
17537.0,3,3,3
17538.0,3,2,1
17540.0,3,3,2
17542.0,1,2,1
17545.0,3,3,2
17548.0,1,2,1
17549.0,3,3,1
17550.0,2,3,1
17551.0,1,2,1
17552.0,2,3,3
17553.0,1,2,3
17554.0,4,4,4
17555.0,4,3,2
17556.0,1,2,1
17557.0,4,3,2
17560.0,2,3,3
17561.0,4,2,1
17562.0,4,4,3
17564.0,3,3,2
17566.0,3,3,3
17567.0,3,4,4
17569.0,3,2,2
17571.0,3,3,3
17572.0,2,3,1
17573.0,3,3,2
17574.0,3,2,1
17576.0,4,4,4
17578.0,1,2,1
17579.0,2,3,2
17580.0,1,3,1
17581.0,2,4,4
17582.0,1,2,1
17584.0,1,3,3
17585.0,2,3,3
17588.0,2,3,3
17589.0,3,3,4
17590.0,4,3,3
17591.0,2,4,4
17593.0,2,4,4
17594.0,2,3,3
17595.0,4,3,2
17596.0,3,4,4
17597.0,2,2,4
17600.0,4,2,1
17601.0,1,2,1
17602.0,3,4,4
17603.0,2,2,2
17604.0,1,3,2
17608.0,1,3,1
17609.0,3,4,3
17611.0,3,4,4
17612.0,3,4,4
17613.0,3,4,4
17614.0,3,2,2
17615.0,1,3,2
17616.0,1,3,2
17618.0,1,3,3
17619.0,1,2,1
17620.0,3,2,1
17621.0,3,3,3
17623.0,2,2,2
17624.0,4,3,3
17625.0,4,3,4
17628.0,2,2,1
17629.0,4,4,4
17630.0,1,3,2
17631.0,2,3,2
17633.0,3,3,3
17634.0,3,4,4
17636.0,4,2,1
17637.0,2,3,2
17639.0,2,2,1
17640.0,2,2,2
17642.0,4,3,3
17643.0,1,2,1
17644.0,3,4,4
17646.0,1,3,3
17647.0,1,2,1
17648.0,2,3,4
17649.0,2,2,3
17650.0,3,2,1
17651.0,4,4,4
17652.0,3,4,4
17653.0,3,3,3
17654.0,2,2,1
17655.0,4,4,4
17656.0,4,4,4
17658.0,4,3,2
17659.0,4,4,4
17660.0,2,2,1
17663.0,3,4,4
17664.0,4,3,2
17666.0,1,3,3
17667.0,4,4,4
17668.0,2,3,2
17669.0,3,4,4
17670.0,1,2,1
17671.0,4,3,3
17672.0,3,3,4
17673.0,2,4,3
17674.0,2,3,2
17675.0,4,4,4
17676.0,4,4,3
17677.0,3,4,4
17678.0,1,2,1
17679.0,3,3,4
17680.0,3,2,1
17682.0,4,4,4
17684.0,3,2,1
17685.0,4,4,4
17686.0,3,4,4
17690.0,3,4,4
17691.0,1,3,1
17692.0,2,3,3
17693.0,2,2,1
17694.0,2,2,1
17695.0,2,3,3
17696.0,2,4,4
17697.0,1,2,2
17698.0,1,2,1
17700.0,4,3,4
17701.0,1,2,2
17702.0,2,3,4
17703.0,2,3,3
17704.0,1,3,3
17705.0,3,4,4
17706.0,3,4,4
17707.0,2,3,1
17708.0,1,3,1
17709.0,1,2,1
17711.0,4,3,2
17712.0,3,2,2
17714.0,1,2,1
17715.0,1,2,2
17716.0,3,4,4
17718.0,1,2,1
17719.0,4,4,4
17720.0,3,3,3
17722.0,1,3,4
17723.0,2,4,4
17724.0,2,3,3
17725.0,4,4,4
17727.0,4,2,3
17728.0,2,3,4
17730.0,3,4,4
17731.0,2,3,3
17732.0,1,2,1
17733.0,1,3,3
17734.0,3,3,3
17735.0,2,4,4
17736.0,4,3,2
17737.0,4,3,1
17738.0,4,3,4
17739.0,4,4,4
17742.0,3,3,2
17744.0,3,4,4
17746.0,1,2,1
17747.0,2,2,1
17749.0,1,3,3
17750.0,3,4,4
17752.0,1,2,1
17754.0,2,4,4
17757.0,4,4,4
17758.0,4,4,4
17759.0,4,3,3
17760.0,3,3,1
17761.0,2,2,3
17763.0,1,2,1
17764.0,4,3,3
17765.0,1,3,2
17767.0,4,2,1
17768.0,1,3,4
17769.0,4,4,4
17770.0,3,4,3
17771.0,3,3,1
17772.0,4,3,1
17774.0,2,3,3
17775.0,1,2,1
17777.0,3,3,2
17779.0,3,3,2
17781.0,1,3,1
17783.0,2,3,1
17785.0,3,2,1
17786.0,2,3,1
17787.0,2,3,4
17788.0,2,3,3
17789.0,1,2,1
17790.0,4,4,4
17791.0,3,2,1
17793.0,3,2,2
17795.0,1,3,2
17796.0,3,3,3
17797.0,3,3,3
17799.0,3,4,4
17800.0,3,4,3
17802.0,4,3,3
17805.0,2,2,2
17806.0,4,2,2
17809.0,4,4,4
17811.0,4,4,4
17812.0,4,3,3
17813.0,4,4,4
17816.0,1,3,1
17817.0,2,3,2
17819.0,2,4,4
17824.0,3,2,1
17827.0,3,4,4
17828.0,3,3,4
17829.0,1,2,3
17830.0,2,3,2
17831.0,1,2,1
17832.0,3,2,1
17835.0,4,3,2
17836.0,3,2,1
17837.0,3,4,3
17838.0,3,4,4
17839.0,3,2,2
17841.0,4,4,4
17843.0,2,2,1
17844.0,2,2,1
17846.0,2,2,4
17848.0,2,4,3
17849.0,2,3,2
17850.0,1,4,4
17852.0,4,3,1
17854.0,2,3,2
17855.0,1,2,1
17856.0,2,3,3
17857.0,4,4,4
17858.0,4,4,4
17859.0,2,2,1
17860.0,1,2,1
17861.0,3,4,4
17862.0,1,2,2
17863.0,3,4,4
17864.0,4,3,2
17865.0,4,4,4
17866.0,2,2,2
17867.0,2,4,3
17869.0,2,4,2
17870.0,4,4,4
17871.0,1,2,1
17873.0,2,4,4
17874.0,2,4,3
17877.0,1,2,1
17878.0,3,2,2
17879.0,1,2,1
17880.0,1,2,2
17881.0,2,2,1
17883.0,4,3,2
17884.0,1,3,3
17885.0,4,2,1
17886.0,2,3,3
17887.0,1,2,1
17888.0,3,4,3
17889.0,3,3,1
17890.0,1,3,2
17891.0,1,2,1
17892.0,3,3,1
17893.0,1,2,1
17894.0,2,4,3
17895.0,3,2,1
17896.0,3,2,1
17897.0,1,3,2
17898.0,2,3,1
17899.0,1,2,1
17900.0,1,3,1
17901.0,3,2,1
17904.0,3,2,1
17905.0,2,3,3
17906.0,1,2,1
17908.0,1,2,1
17911.0,4,2,2
17912.0,1,4,2
17913.0,4,3,2
17914.0,1,2,2
17917.0,3,3,2
17919.0,4,2,3
17920.0,4,4,4
17921.0,2,3,3
17923.0,1,2,1
17924.0,4,4,4
17925.0,1,2,1
17926.0,2,3,2
17928.0,3,3,1
17929.0,4,3,3
17930.0,2,4,4
17931.0,2,3,2
17932.0,4,3,3
17934.0,4,3,3
17935.0,2,3,1
17936.0,1,2,2
17937.0,2,4,4
17939.0,1,2,1
17940.0,3,4,4
17941.0,1,2,1
17942.0,1,2,1
17946.0,1,3,1
17947.0,1,2,1
17948.0,2,2,2
17949.0,4,4,4
17950.0,2,3,2
17951.0,3,3,3
17954.0,2,4,4
17955.0,1,3,2
17956.0,1,2,1
17957.0,1,2,1
17958.0,2,2,2
17960.0,1,2,1
17961.0,4,4,3
17962.0,2,2,1
17964.0,2,3,2
17965.0,4,4,4
17966.0,3,4,3
17967.0,1,2,1
17968.0,1,2,1
17969.0,1,3,1
17970.0,4,2,2
17972.0,4,2,1
17973.0,3,2,2
17974.0,3,3,3
17975.0,4,4,4
17976.0,1,2,2
17977.0,3,2,1
17978.0,1,2,1
17979.0,1,3,3
17980.0,1,3,3
17984.0,2,2,1
17985.0,3,2,2
17986.0,3,2,1
17987.0,2,2,1
17988.0,4,4,1
17990.0,1,3,2
17991.0,1,3,1
17994.0,3,3,3
17995.0,1,2,1
17997.0,2,4,4
17999.0,1,3,2
18001.0,4,3,2
18004.0,1,2,1
18005.0,3,3,1
18006.0,3,2,2
18008.0,3,4,4
18009.0,1,2,1
18010.0,1,2,1
18011.0,1,2,1
18013.0,2,3,1
18014.0,3,2,1
18015.0,1,2,1
18016.0,2,4,3
18017.0,2,3,2
18018.0,2,3,1
18019.0,3,2,1
18022.0,1,2,2
18024.0,2,3,2
18027.0,1,2,1
18030.0,3,3,1
18032.0,2,2,1
18033.0,1,2,1
18034.0,3,3,2
18035.0,3,3,3
18036.0,2,3,2
18037.0,2,4,1
18040.0,4,3,2
18041.0,4,4,4
18042.0,3,2,1
18043.0,3,3,2
18044.0,2,4,4
18045.0,3,2,1
18048.0,1,3,1
18050.0,1,2,1
18053.0,2,2,1
18055.0,3,4,4
18056.0,1,2,2
18058.0,4,2,1
18059.0,3,3,1
18061.0,3,4,4
18062.0,1,3,3
18064.0,2,3,3
18065.0,2,4,4
18066.0,2,2,2
18067.0,3,2,2
18068.0,1,2,1
18069.0,4,4,4
18071.0,1,3,2
18072.0,2,2,1
18073.0,2,4,4
18074.0,1,2,2
18075.0,3,4,4
18077.0,3,4,4
18078.0,1,3,2
18079.0,3,3,4
18080.0,4,3,3
18081.0,2,3,2
18082.0,3,2,3
18084.0,4,2,1
18085.0,1,3,3
18086.0,2,2,1
18087.0,1,3,4
18088.0,2,2,1
18092.0,4,4,4
18093.0,3,3,4
18094.0,2,4,4
18095.0,3,3,2
18096.0,4,3,3
18097.0,1,4,4
18099.0,1,2,1
18101.0,4,3,1
18102.0,4,4,4
18104.0,1,2,3
18105.0,1,2,1
18106.0,1,2,2
18108.0,1,2,1
18109.0,4,4,4
18110.0,4,2,1
18112.0,4,3,2
18113.0,1,2,1
18114.0,1,2,1
18116.0,1,4,3
18117.0,3,2,2
18118.0,4,4,4
18119.0,1,2,1
18120.0,2,2,1
18121.0,2,3,2
18122.0,4,4,4
18123.0,3,3,2
18125.0,3,3,3
18126.0,2,2,1
18127.0,4,3,2
18129.0,2,2,1
18130.0,4,3,3
18133.0,3,2,3
18135.0,3,4,3
18136.0,4,3,3
18138.0,1,2,1
18139.0,4,4,4
18142.0,2,3,3
18143.0,2,3,3
18144.0,3,4,4
18145.0,4,3,4
18146.0,2,3,1
18147.0,3,3,1
18149.0,3,3,2
18150.0,2,3,2
18151.0,2,3,2
18154.0,3,3,2
18155.0,2,3,2
18156.0,4,3,3
18158.0,4,3,2
18159.0,3,2,2
18160.0,3,3,2
18161.0,4,4,3
18164.0,1,2,2
18165.0,1,2,1
18167.0,3,3,3
18168.0,2,4,3
18169.0,2,2,1
18170.0,2,3,3
18171.0,4,4,3
18172.0,4,4,4
18173.0,2,3,4
18174.0,1,2,1
18176.0,1,2,2
18177.0,2,4,3
18178.0,1,3,3
18179.0,4,4,4
18180.0,4,4,4
18181.0,3,2,2
18183.0,2,3,2
18184.0,4,2,1
18185.0,1,2,1
18188.0,4,3,4
18189.0,2,3,3
18190.0,1,3,1
18191.0,1,2,1
18192.0,2,2,3
18193.0,1,2,1
18194.0,2,2,3
18196.0,1,3,3
18198.0,2,4,4
18200.0,2,2,1
18202.0,1,3,3
18203.0,1,2,1
18204.0,2,3,4
18205.0,2,3,2
18209.0,3,2,1
18210.0,4,4,4
18211.0,3,4,2
18212.0,1,2,1
18213.0,1,2,1
18215.0,3,2,1
18216.0,2,2,2
18217.0,3,3,2
18218.0,4,3,2
18219.0,3,4,4
18220.0,1,2,1
18221.0,4,4,3
18222.0,2,2,2
18223.0,3,4,4
18224.0,1,2,1
18225.0,3,4,4
18226.0,3,4,4
18227.0,1,2,1
18228.0,3,3,3
18229.0,4,4,4
18230.0,4,4,4
18231.0,1,4,4
18232.0,2,3,2
18233.0,1,2,2
18235.0,3,3,4
18236.0,3,4,3
18237.0,4,4,3
18239.0,1,4,3
18240.0,3,2,2
18241.0,4,4,4
18242.0,2,3,4
18245.0,4,4,4
18246.0,3,3,2
18248.0,2,3,3
18249.0,4,2,1
18250.0,1,2,2
18251.0,2,2,4
18252.0,3,3,2
18255.0,3,2,1
18257.0,3,4,4
18259.0,3,3,4
18260.0,2,4,4
18261.0,3,3,2
18262.0,2,2,1
18263.0,3,3,3
18265.0,2,3,3
18268.0,2,2,1
18269.0,1,2,1
18270.0,1,3,1
18272.0,4,4,4
18273.0,2,3,1
18274.0,2,2,1
18276.0,3,2,2
18277.0,4,2,1
18278.0,2,2,1
18280.0,2,2,1
18281.0,4,2,1
18282.0,1,3,1
18283.0,4,4,4
18287.0,4,3,4
